Nome_Companhia,CNPJ_Companhia,Categoria,Tipo,Assunto,Data_Referencia,Data_Entrega,Link_Download
PETRO RIO S.A.,10.629.105/0001-68,Fato Relevante,,OFERTA PÚBLICA DE AÇÕES COM ESFORÇOS RESTRITOS (FOLLOW-ON),2021-01-18,2021-01-19,https://www.rad.cvm.gov.br/ENET/frmDownloadDocumento.aspx?Tela=ext&descTipo=IPE&CodigoInstituicao=1&numProtocolo=823723&numSequencia=348461&numVersao=2
PETRO RIO S.A.,10.629.105/0001-68,Fato Relevante,,CONCLUSÃO DE AQUISIÇÃO DE 30% DO CAMPO DE FRADE,2021-01-21,2021-01-21,https://www.rad.cvm.gov.br/ENET/frmDownloadDocumento.aspx?Tela=ext&descTipo=IPE&CodigoInstituicao=1&numProtocolo=824361&numSequencia=349099&numVersao=1
PETRO RIO S.A.,10.629.105/0001-68,Fato Relevante,,OFERTA PÚBLICA DE AÇÕES COM ESFORÇOS RESTRITOS (FOLLOW-ON),2021-01-28,2021-01-29,https://www.rad.cvm.gov.br/ENET/frmDownloadDocumento.aspx?Tela=ext&descTipo=IPE&CodigoInstituicao=1&numProtocolo=825811&numSequencia=350549&numVersao=1
PETRO RIO S.A.,10.629.105/0001-68,Fato Relevante,,CONCLUSÃO DA AQUISIÇÃO DE 30% DO CAMPO DE FRADE,2021-02-05,2021-02-05,https://www.rad.cvm.gov.br/ENET/frmDownloadDocumento.aspx?Tela=ext&descTipo=IPE&CodigoInstituicao=1&numProtocolo=828057&numSequencia=352795&numVersao=1
PETRO RIO S.A.,10.629.105/0001-68,Fato Relevante,,AQUISIÇÃO DE PARTICIPAÇÃO EM WAHOO,2021-03-04,2021-03-04,https://www.rad.cvm.gov.br/ENET/frmDownloadDocumento.aspx?Tela=ext&descTipo=IPE&CodigoInstituicao=1&numProtocolo=838705&numSequencia=363443&numVersao=1
PETRO RIO S.A.,10.629.105/0001-68,Fato Relevante,,ADIAMENTO DA ASSEMBLEIA GERAL ORDINÁRIA,2021-03-25,2021-03-25,https://www.rad.cvm.gov.br/ENET/frmDownloadDocumento.aspx?Tela=ext&descTipo=IPE&CodigoInstituicao=1&numProtocolo=845989&numSequencia=370726&numVersao=1
PETRO RIO S.A.,10.629.105/0001-68,Fato Relevante,,NOVA CONVOCAÇÃO DA ASSEMBLEIA GERAL ORDINÁRIA,2021-04-05,2021-04-05,https://www.rad.cvm.gov.br/ENET/frmDownloadDocumento.aspx?Tela=ext&descTipo=IPE&CodigoInstituicao=1&numProtocolo=850505&numSequencia=375242&numVersao=1
PETRO RIO S.A.,10.629.105/0001-68,Fato Relevante,,CERTIFICAÇÃO DE RESERVAS E RECURSOS,2021-04-12,2021-04-12,https://www.rad.cvm.gov.br/ENET/frmDownloadDocumento.aspx?Tela=ext&descTipo=IPE&CodigoInstituicao=1&numProtocolo=853176&numSequencia=377913&numVersao=1
PETRO RIO S.A.,10.629.105/0001-68,Fato Relevante,,Alteração na Administração da Companhia,2021-04-12,2021-04-12,https://www.rad.cvm.gov.br/ENET/frmDownloadDocumento.aspx?Tela=ext&descTipo=IPE&CodigoInstituicao=1&numProtocolo=853242&numSequencia=377979&numVersao=1
PETRO RIO S.A.,10.629.105/0001-68,Fato Relevante,,Desdobramento das ações,2021-04-30,2021-05-03,https://www.rad.cvm.gov.br/ENET/frmDownloadDocumento.aspx?Tela=ext&descTipo=IPE&CodigoInstituicao=1&numProtocolo=861996&numSequencia=386733&numVersao=2
PETRO RIO S.A.,10.629.105/0001-68,Fato Relevante,,Resultado de Perfuração em Polvo,2021-05-10,2021-05-10,https://www.rad.cvm.gov.br/ENET/frmDownloadDocumento.aspx?Tela=ext&descTipo=IPE&CodigoInstituicao=1&numProtocolo=865132&numSequencia=389869&numVersao=1
PETRO RIO S.A.,10.629.105/0001-68,Fato Relevante,,EMISSÃO DE NOTAS REPRESENTATIVAS DA DÍVIDA,2021-05-27,2021-05-27,https://www.rad.cvm.gov.br/ENET/frmDownloadDocumento.aspx?Tela=ext&descTipo=IPE&CodigoInstituicao=1&numProtocolo=871429&numSequencia=396166&numVersao=1
PETRO RIO S.A.,10.629.105/0001-68,Fato Relevante,,EMISSÃO DE NOTAS REPRESENTATIVAS DA DÍVIDA | PRECIFICAÇÃO,2021-06-02,2021-06-02,https://www.rad.cvm.gov.br/ENET/frmDownloadDocumento.aspx?Tela=ext&descTipo=IPE&CodigoInstituicao=1&numProtocolo=873285&numSequencia=398022&numVersao=1
PETRO RIO S.A.,10.629.105/0001-68,Fato Relevante,,CONCLUSÃO DE AQUISIÇÃO DE PARTICIPAÇÕES EM WAHOO E ITAIPU,2021-06-17,2021-06-17,https://www.rad.cvm.gov.br/ENET/frmDownloadDocumento.aspx?Tela=ext&descTipo=IPE&CodigoInstituicao=1&numProtocolo=877117&numSequencia=401854&numVersao=1
PETRO RIO S.A.,10.629.105/0001-68,Fato Relevante,,APROVAÇÃO DO PLANO DE DESENVOLVIMENTO DO CAMPO DE FRADE,2021-06-24,2021-06-24,https://www.rad.cvm.gov.br/ENET/frmDownloadDocumento.aspx?Tela=ext&descTipo=IPE&CodigoInstituicao=1&numProtocolo=878712&numSequencia=403449&numVersao=1
PETRO RIO S.A.,10.629.105/0001-68,Fato Relevante,,CONCLUSÃO DE AQUISIÇÃO DE PARTICIPAÇÃO EM WAHOO,2021-07-08,2021-07-08,https://www.rad.cvm.gov.br/ENET/frmDownloadDocumento.aspx?Tela=ext&descTipo=IPE&CodigoInstituicao=1&numProtocolo=882543&numSequencia=407280&numVersao=1
PETRO RIO S.A.,10.629.105/0001-68,Fato Relevante,,CONCLUSÃO DO TIEBACK ENTRE POLVO E TUBARÃO MARTELO,2021-07-14,2021-07-14,https://www.rad.cvm.gov.br/ENET/frmDownloadDocumento.aspx?Tela=ext&descTipo=IPE&CodigoInstituicao=1&numProtocolo=883878&numSequencia=408615&numVersao=1
PETRO RIO S.A.,10.629.105/0001-68,Fato Relevante,,REDUÇÃO DE ALÍQUOTA DE ROYALTIES DE TUBARÃO MARTELO,2021-07-29,2021-07-29,https://www.rad.cvm.gov.br/ENET/frmDownloadDocumento.aspx?Tela=ext&descTipo=IPE&CodigoInstituicao=1&numProtocolo=887485&numSequencia=412222&numVersao=1
PETRO RIO S.A.,10.629.105/0001-68,Fato Relevante,,INÍCIO DE PRODUÇÃO DO POÇO TBMT-10H,2021-10-26,2021-10-26,https://www.rad.cvm.gov.br/ENET/frmDownloadDocumento.aspx?Tela=ext&descTipo=IPE&CodigoInstituicao=1&numProtocolo=910139&numSequencia=434873&numVersao=1
PETRO RIO S.A.,10.629.105/0001-68,Fato Relevante,,Processo de Desinvestimento de Albacora,2021-11-05,2021-11-05,https://www.rad.cvm.gov.br/ENET/frmDownloadDocumento.aspx?Tela=ext&descTipo=IPE&CodigoInstituicao=1&numProtocolo=913616&numSequencia=438350&numVersao=1
PETRO RIO S.A.,10.629.105/0001-68,Fato Relevante,,Declaração de Comercialidade de Wahoo,2021-12-22,2021-12-22,https://www.rad.cvm.gov.br/ENET/frmDownloadDocumento.aspx?Tela=ext&descTipo=IPE&CodigoInstituicao=1&numProtocolo=928076&numSequencia=452810&numVersao=1
PRIO S.A.,10.629.105/0001-68,Fato Relevante,,Início de Arbitragem,2022-02-14,2022-02-14,https://www.rad.cvm.gov.br/ENET/frmDownloadDocumento.aspx?Tela=ext&descTipo=IPE&CodigoInstituicao=1&numProtocolo=943462&numSequencia=468196&numVersao=1
PRIO S.A.,10.629.105/0001-68,Fato Relevante,,Mudança de moeda funcional,2022-03-30,2022-03-30,https://www.rad.cvm.gov.br/ENET/frmDownloadDocumento.aspx?Tela=ext&descTipo=IPE&CodigoInstituicao=1&numProtocolo=961441&numSequencia=486175&numVersao=1
PRIO S.A.,10.629.105/0001-68,Fato Relevante,,Desinvestimento de Manati,2022-04-19,2022-04-19,https://www.rad.cvm.gov.br/ENET/frmDownloadDocumento.aspx?Tela=ext&descTipo=IPE&CodigoInstituicao=1&numProtocolo=968421&numSequencia=493155&numVersao=1
PRIO S.A.,10.629.105/0001-68,Fato Relevante,,Licença de Operação - Frade,2022-04-25,2022-04-25,https://www.rad.cvm.gov.br/ENET/frmDownloadDocumento.aspx?Tela=ext&descTipo=IPE&CodigoInstituicao=1&numProtocolo=970078&numSequencia=494812&numVersao=1
PRIO S.A.,10.629.105/0001-68,Fato Relevante,,Aquisição de Participação no Campo de Albacora Leste,2022-04-27,2022-04-27,https://www.rad.cvm.gov.br/ENET/frmDownloadDocumento.aspx?Tela=ext&descTipo=IPE&CodigoInstituicao=1&numProtocolo=971695&numSequencia=496429&numVersao=1
PRIO S.A.,10.629.105/0001-68,Fato Relevante,,FATO RELEVANTE - AQUISIÇÃO DE PARTICIPAÇÃO NO CAMPO DE ALBACORA LESTE,2022-04-28,2022-04-28,https://www.rad.cvm.gov.br/ENET/frmDownloadDocumento.aspx?Tela=ext&descTipo=IPE&CodigoInstituicao=1&numProtocolo=972062&numSequencia=496796&numVersao=1
PRIO S.A.,10.629.105/0001-68,Fato Relevante,,Certificação de Reservas,2022-05-04,2022-05-04,https://www.rad.cvm.gov.br/ENET/frmDownloadDocumento.aspx?Tela=ext&descTipo=IPE&CodigoInstituicao=1&numProtocolo=976729&numSequencia=501463&numVersao=1
PRIO S.A.,10.629.105/0001-68,Fato Relevante,,Aquisição de Sonda,2022-05-10,2022-05-10,https://www.rad.cvm.gov.br/ENET/frmDownloadDocumento.aspx?Tela=ext&descTipo=IPE&CodigoInstituicao=1&numProtocolo=979621&numSequencia=504355&numVersao=1
PRIO S.A.,10.629.105/0001-68,Fato Relevante,,Waiver Repsol e Certificado de Reserva de Albacora Leste,2022-05-30,2022-05-30,https://www.rad.cvm.gov.br/ENET/frmDownloadDocumento.aspx?Tela=ext&descTipo=IPE&CodigoInstituicao=1&numProtocolo=985954&numSequencia=510688&numVersao=1
PRIO S.A.,10.629.105/0001-68,Fato Relevante,,Aquisição de Sonda,2022-06-06,2022-06-06,https://www.rad.cvm.gov.br/ENET/frmDownloadDocumento.aspx?Tela=ext&descTipo=IPE&CodigoInstituicao=1&numProtocolo=988192&numSequencia=512926&numVersao=1
PRIO S.A.,10.629.105/0001-68,Fato Relevante,,Início de Produção do Poço ODP4,2022-07-07,2022-07-07,https://www.rad.cvm.gov.br/ENET/frmDownloadDocumento.aspx?Tela=ext&descTipo=IPE&CodigoInstituicao=1&numProtocolo=996066&numSequencia=520800&numVersao=1
PRIO S.A.,10.629.105/0001-68,Fato Relevante,,Início de produção do Poço ODP4,2022-07-11,2022-07-11,https://www.rad.cvm.gov.br/ENET/frmDownloadDocumento.aspx?Tela=ext&descTipo=IPE&CodigoInstituicao=1&numProtocolo=997243&numSequencia=521977&numVersao=1
PRIO S.A.,10.629.105/0001-68,Fato Relevante,,Emissão de Debêntures,2022-07-20,2022-07-20,https://www.rad.cvm.gov.br/ENET/frmDownloadDocumento.aspx?Tela=ext&descTipo=IPE&CodigoInstituicao=1&numProtocolo=999302&numSequencia=524036&numVersao=1
PRIO S.A.,10.629.105/0001-68,Fato Relevante,,Início de produção do Poço MUP3A,2022-08-01,2022-08-01,https://www.rad.cvm.gov.br/ENET/frmDownloadDocumento.aspx?Tela=ext&descTipo=IPE&CodigoInstituicao=1&numProtocolo=1002292&numSequencia=527026&numVersao=1
PRIO S.A.,10.629.105/0001-68,Fato Relevante,,INTERRUPÇÃO TEMPORÁRIA DE PRODUÇÃO EM FRADE,2022-08-15,2022-08-15,https://www.rad.cvm.gov.br/ENET/frmDownloadDocumento.aspx?Tela=ext&descTipo=IPE&CodigoInstituicao=1&numProtocolo=1008337&numSequencia=533071&numVersao=1
PRIO S.A.,10.629.105/0001-68,Fato Relevante,,Liquidação da Emissão de Debêntures,2022-08-24,2022-08-24,https://www.rad.cvm.gov.br/ENET/frmDownloadDocumento.aspx?Tela=ext&descTipo=IPE&CodigoInstituicao=1&numProtocolo=1010677&numSequencia=535411&numVersao=1
PRIO S.A.,10.629.105/0001-68,Fato Relevante,,RETOMADA DA PRODUÇÃO EM FRADE,2022-08-25,2022-08-25,https://www.rad.cvm.gov.br/ENET/frmDownloadDocumento.aspx?Tela=ext&descTipo=IPE&CodigoInstituicao=1&numProtocolo=1010955&numSequencia=535689&numVersao=1
PRIO S.A.,10.629.105/0001-68,Fato Relevante,,Aquisição Dommo,2022-09-01,2022-09-01,https://www.rad.cvm.gov.br/ENET/frmDownloadDocumento.aspx?Tela=ext&descTipo=IPE&CodigoInstituicao=1&numProtocolo=1012530&numSequencia=537264&numVersao=1
PRIO S.A.,10.629.105/0001-68,Fato Relevante,,ENCERRAMENTO DAS NEGOCIAÇÕES DE ALBACORA,2022-09-08,2022-09-08,https://www.rad.cvm.gov.br/ENET/frmDownloadDocumento.aspx?Tela=ext&descTipo=IPE&CodigoInstituicao=1&numProtocolo=1014122&numSequencia=538856&numVersao=1
PRIO S.A.,10.629.105/0001-68,Fato Relevante,,Aquisição de Participação em Itaipu,2022-09-26,2022-09-26,https://www.rad.cvm.gov.br/ENET/frmDownloadDocumento.aspx?Tela=ext&descTipo=IPE&CodigoInstituicao=1&numProtocolo=1017549&numSequencia=542283&numVersao=1
PRIO S.A.,10.629.105/0001-68,Fato Relevante,,Assinatura do Protocolo de Incorporação da Dommo,2022-10-03,2022-10-03,https://www.rad.cvm.gov.br/ENET/frmDownloadDocumento.aspx?Tela=ext&descTipo=IPE&CodigoInstituicao=1&numProtocolo=1018830&numSequencia=543564&numVersao=2
PRIO S.A.,10.629.105/0001-68,Fato Relevante,,Programa de Recompra de Ações,2022-10-03,2022-10-03,https://www.rad.cvm.gov.br/ENET/frmDownloadDocumento.aspx?Tela=ext&descTipo=IPE&CodigoInstituicao=1&numProtocolo=1018818&numSequencia=543552&numVersao=1
PRIO S.A.,10.629.105/0001-68,Fato Relevante,,APROVAÇÃO DA INCORPORAÇÃO DE AÇÕES DA DOMMO,2022-10-24,2022-10-24,https://www.rad.cvm.gov.br/ENET/frmDownloadDocumento.aspx?Tela=ext&descTipo=IPE&CodigoInstituicao=1&numProtocolo=1024088&numSequencia=548821&numVersao=1
PRIO S.A.,10.629.105/0001-68,Fato Relevante,,Alienação de Participação em Manati,2022-11-03,2022-11-03,https://www.rad.cvm.gov.br/ENET/frmDownloadDocumento.aspx?Tela=ext&descTipo=IPE&CodigoInstituicao=1&numProtocolo=1027364&numSequencia=552097&numVersao=2
PRIO S.A.,10.629.105/0001-68,Fato Relevante,,Aprovação da Incorporação de Ações da Dommo,2022-12-08,2022-12-08,https://www.rad.cvm.gov.br/ENET/frmDownloadDocumento.aspx?Tela=ext&descTipo=IPE&CodigoInstituicao=1&numProtocolo=1039258&numSequencia=563988&numVersao=1
PRIO S.A.,10.629.105/0001-68,Fato Relevante,,PERÍODO DE OPÇÃO - PROCEDIMENTOS &amp DATA DE FECHAMENTO,2022-12-16,2022-12-16,https://www.rad.cvm.gov.br/ENET/frmDownloadDocumento.aspx?Tela=ext&descTipo=IPE&CodigoInstituicao=1&numProtocolo=1042365&numSequencia=567095&numVersao=1
PRIO S.A.,10.629.105/0001-68,Fato Relevante,,PERÍODO DE OPÇÃO - PROCEDIMENTOS &amp DATA DE FECHAMENTO,2022-12-16,2022-12-16,https://www.rad.cvm.gov.br/ENET/frmDownloadDocumento.aspx?Tela=ext&descTipo=IPE&CodigoInstituicao=1&numProtocolo=1042373&numSequencia=567103&numVersao=2
PRIO S.A.,10.629.105/0001-68,Fato Relevante,,Procedimentos Pagamento,2023-01-06,2023-01-06,https://www.rad.cvm.gov.br/ENET/frmDownloadDocumento.aspx?Tela=ext&descTipo=IPE&CodigoInstituicao=1&numProtocolo=1047614&numSequencia=572344&numVersao=1
PRIO S.A.,10.629.105/0001-68,Fato Relevante,,Aquisição de Participação no Campo de Albacora Leste,2023-01-26,2023-01-26,https://www.rad.cvm.gov.br/ENET/frmDownloadDocumento.aspx?Tela=ext&descTipo=IPE&CodigoInstituicao=1&numProtocolo=1052348&numSequencia=577078&numVersao=1
PRIO S.A.,10.629.105/0001-68,Fato Relevante,,Conclusão de Aquisição de Participação em Albacora Leste,2023-01-26,2023-01-26,https://www.rad.cvm.gov.br/ENET/frmDownloadDocumento.aspx?Tela=ext&descTipo=IPE&CodigoInstituicao=1&numProtocolo=1052570&numSequencia=577300&numVersao=1
PRIO S.A.,10.629.105/0001-68,Fato Relevante,,Início de Produção do Poço MUP5,2023-03-01,2023-03-01,https://www.rad.cvm.gov.br/ENET/frmDownloadDocumento.aspx?Tela=ext&descTipo=IPE&CodigoInstituicao=1&numProtocolo=1067138&numSequencia=591868&numVersao=1
PRIO S.A.,10.629.105/0001-68,Fato Relevante,,Aquisição de participação em Itaipu,2023-03-23,2023-03-23,https://www.rad.cvm.gov.br/ENET/frmDownloadDocumento.aspx?Tela=ext&descTipo=IPE&CodigoInstituicao=1&numProtocolo=1076373&numSequencia=601103&numVersao=1
PRIO S.A.,10.629.105/0001-68,Fato Relevante,,Certificação de Reserva 2023,2023-04-03,2023-04-03,https://www.rad.cvm.gov.br/ENET/frmDownloadDocumento.aspx?Tela=ext&descTipo=IPE&CodigoInstituicao=1&numProtocolo=1082102&numSequencia=606831&numVersao=1
PRIO S.A.,10.629.105/0001-68,Fato Relevante,,Início de Produção do Poço N5P2,2023-04-05,2023-04-05,https://www.rad.cvm.gov.br/ENET/frmDownloadDocumento.aspx?Tela=ext&descTipo=IPE&CodigoInstituicao=1&numProtocolo=1083148&numSequencia=607877&numVersao=1
PRIO S.A.,10.629.105/0001-68,Fato Relevante,,ATUALIZAÇÃO SOBRE A REVITALIZAÇÃO DE FRADE,2023-05-08,2023-05-08,https://www.rad.cvm.gov.br/ENET/frmDownloadDocumento.aspx?Tela=ext&descTipo=IPE&CodigoInstituicao=1&numProtocolo=1098821&numSequencia=623550&numVersao=2
PRIO S.A.,10.629.105/0001-68,Fato Relevante,,Esclarecimento sobre notícia divulgada na mídia,2023-05-08,2023-05-08,https://www.rad.cvm.gov.br/ENET/frmDownloadDocumento.aspx?Tela=ext&descTipo=IPE&CodigoInstituicao=1&numProtocolo=1098234&numSequencia=622963&numVersao=1
PRIO S.A.,10.629.105/0001-68,Fato Relevante,,Início de Produção ODP5,2023-07-17,2023-07-17,https://www.rad.cvm.gov.br/ENET/frmDownloadDocumento.aspx?Tela=ext&descTipo=IPE&CodigoInstituicao=1&numProtocolo=1123070&numSequencia=647799&numVersao=1
PRIO S.A.,10.629.105/0001-68,Fato Relevante,,Início de produção do poço POL-Q,2023-09-20,2023-09-20,https://www.rad.cvm.gov.br/ENET/frmDownloadDocumento.aspx?Tela=ext&descTipo=IPE&CodigoInstituicao=1&numProtocolo=1144892&numSequencia=669620&numVersao=1
PRIO S.A.,10.629.105/0001-68,Fato Relevante,,,2023-11-16,2023-11-16,https://www.rad.cvm.gov.br/ENET/frmDownloadDocumento.aspx?Tela=ext&descTipo=IPE&CodigoInstituicao=1&numProtocolo=1163358&numSequencia=688084&numVersao=1
PRIO S.A.,10.629.105/0001-68,Fato Relevante,,Conclusão de alienação de participação em Manati,2023-11-16,2023-11-16,https://www.rad.cvm.gov.br/ENET/frmDownloadDocumento.aspx?Tela=ext&descTipo=IPE&CodigoInstituicao=1&numProtocolo=1163564&numSequencia=688290&numVersao=1
PRIO S.A.,10.629.105/0001-68,Fato Relevante,,Conclusão de Alienação de Participação em Manati,2023-11-16,2023-11-17,https://www.rad.cvm.gov.br/ENET/frmDownloadDocumento.aspx?Tela=ext&descTipo=IPE&CodigoInstituicao=1&numProtocolo=1163927&numSequencia=688653&numVersao=2
PRIO S.A.,10.629.105/0001-68,Fato Relevante,,Conclusão de alienação de participação em Manati,2023-11-16,2023-11-17,https://www.rad.cvm.gov.br/ENET/frmDownloadDocumento.aspx?Tela=ext&descTipo=IPE&CodigoInstituicao=1&numProtocolo=1163928&numSequencia=688654&numVersao=2
PRIO S.A.,10.629.105/0001-68,Fato Relevante,,Distribuição de Dividendos Intermediários,2023-12-08,2023-12-08,https://www.rad.cvm.gov.br/ENET/frmDownloadDocumento.aspx?Tela=ext&descTipo=IPE&CodigoInstituicao=1&numProtocolo=1171506&numSequencia=696232&numVersao=1
PRIO S.A.,10.629.105/0001-68,Fato Relevante,,Emissão de Debêntures,2024-02-09,2024-02-09,https://www.rad.cvm.gov.br/ENET/frmDownloadDocumento.aspx?Tela=ext&descTipo=IPE&CodigoInstituicao=1&numProtocolo=1192551&numSequencia=717277&numVersao=1
PRIO S.A.,10.629.105/0001-68,Fato Relevante,,Aumento de Capital Mediante Capitalização de Reserva,2024-02-28,2024-02-28,https://www.rad.cvm.gov.br/ENET/frmDownloadDocumento.aspx?Tela=ext&descTipo=IPE&CodigoInstituicao=1&numProtocolo=1200591&numSequencia=725317&numVersao=1
PRIO S.A.,10.629.105/0001-68,Fato Relevante,,Liquidação da Emissão de Debêntures,2024-02-29,2024-02-29,https://www.rad.cvm.gov.br/ENET/frmDownloadDocumento.aspx?Tela=ext&descTipo=IPE&CodigoInstituicao=1&numProtocolo=1201225&numSequencia=725951&numVersao=1
PRIO S.A.,10.629.105/0001-68,Fato Relevante,,Certificação de Reservas 2024,2024-03-08,2024-03-08,https://www.rad.cvm.gov.br/ENET/frmDownloadDocumento.aspx?Tela=ext&descTipo=IPE&CodigoInstituicao=1&numProtocolo=1205352&numSequencia=730078&numVersao=1
PRIO S.A.,10.629.105/0001-68,Fato Relevante,,Programa de Recompra de Ações,2024-03-11,2024-03-11,https://www.rad.cvm.gov.br/ENET/frmDownloadDocumento.aspx?Tela=ext&descTipo=IPE&CodigoInstituicao=1&numProtocolo=1206185&numSequencia=730911&numVersao=1
PRIO S.A.,10.629.105/0001-68,Fato Relevante,,Aumento de Capital Mediante Capitalização de Reserva,2024-03-22,2024-03-22,https://www.rad.cvm.gov.br/ENET/frmDownloadDocumento.aspx?Tela=ext&descTipo=IPE&CodigoInstituicao=1&numProtocolo=1211194&numSequencia=735920&numVersao=1
PRIO S.A.,10.629.105/0001-68,Fato Relevante,,Emissão de Debêntures,2024-03-25,2024-03-25,https://www.rad.cvm.gov.br/ENET/frmDownloadDocumento.aspx?Tela=ext&descTipo=IPE&CodigoInstituicao=1&numProtocolo=1211754&numSequencia=736480&numVersao=1
PRIO S.A.,10.629.105/0001-68,Fato Relevante,,Decisão Arbitral,2024-04-11,2024-04-11,https://www.rad.cvm.gov.br/ENET/frmDownloadDocumento.aspx?Tela=ext&descTipo=IPE&CodigoInstituicao=1&numProtocolo=1221170&numSequencia=745896&numVersao=2
PRIO S.A.,10.629.105/0001-68,Fato Relevante,,Decisão Arbitral,2024-04-11,2024-04-11,https://www.rad.cvm.gov.br/ENET/frmDownloadDocumento.aspx?Tela=ext&descTipo=IPE&CodigoInstituicao=1&numProtocolo=1221187&numSequencia=745913&numVersao=1
PRIO S.A.,10.629.105/0001-68,Fato Relevante,,Liquidação da Emissão de Debêntures,2024-04-15,2024-04-15,https://www.rad.cvm.gov.br/ENET/frmDownloadDocumento.aspx?Tela=ext&descTipo=IPE&CodigoInstituicao=1&numProtocolo=1222003&numSequencia=746729&numVersao=1
PRIO S.A.,10.629.105/0001-68,Fato Relevante,,Fato Relevante - Negociação Para Aquisição Participação,2024-09-25,2024-09-25,https://www.rad.cvm.gov.br/ENET/frmDownloadDocumento.aspx?Tela=ext&descTipo=IPE&CodigoInstituicao=1&numProtocolo=1285080&numSequencia=809806&numVersao=1
PRIO S.A.,10.629.105/0001-68,Fato Relevante,,Aquisição de Participação no Campo de Peregrino,2024-09-27,2024-09-27,https://www.rad.cvm.gov.br/ENET/frmDownloadDocumento.aspx?Tela=ext&descTipo=IPE&CodigoInstituicao=1&numProtocolo=1285758&numSequencia=810484&numVersao=1
PRIO S.A.,10.629.105/0001-68,Fato Relevante,,Conclusão da Aquisição de Participação no Campo de Peregrino,2024-12-05,2024-12-05,https://www.rad.cvm.gov.br/ENET/frmDownloadDocumento.aspx?Tela=ext&descTipo=IPE&CodigoInstituicao=1&numProtocolo=1311708&numSequencia=836434&numVersao=1
PRIO S.A.,10.629.105/0001-68,Fato Relevante,,Aumento de Capital Mediante Capitalização de Reserva,2024-12-30,2024-12-30,https://www.rad.cvm.gov.br/ENET/frmDownloadDocumento.aspx?Tela=ext&descTipo=IPE&CodigoInstituicao=1&numProtocolo=1320598&numSequencia=845324&numVersao=1
PRIO S.A.,10.629.105/0001-68,Fato Relevante,,Aumento de Capital por Exercício de Opções de Compra de Ações,2025-01-02,2025-01-02,https://www.rad.cvm.gov.br/ENET/frmDownloadDocumento.aspx?Tela=ext&descTipo=IPE&CodigoInstituicao=1&numProtocolo=1321008&numSequencia=845734&numVersao=1
PRIO S.A.,10.629.105/0001-68,Fato Relevante,,5ª Emissão Debêntures,2025-02-05,2025-02-05,https://www.rad.cvm.gov.br/ENET/frmDownloadDocumento.aspx?Tela=ext&descTipo=IPE&CodigoInstituicao=1&numProtocolo=1330969&numSequencia=855695&numVersao=1
PRIO S.A.,10.629.105/0001-68,Fato Relevante,,Esclarecimentos sobre notícia veiculada na mídia,2025-02-06,2025-02-06,https://www.rad.cvm.gov.br/ENET/frmDownloadDocumento.aspx?Tela=ext&descTipo=IPE&CodigoInstituicao=1&numProtocolo=1331530&numSequencia=856256&numVersao=1
PRIO S.A.,10.629.105/0001-68,Fato Relevante,,Licença de Perfuração de Wahoo,2025-02-28,2025-02-28,https://www.rad.cvm.gov.br/ENET/frmDownloadDocumento.aspx?Tela=ext&descTipo=IPE&CodigoInstituicao=1&numProtocolo=1341592&numSequencia=866318&numVersao=1
PRIO S.A.,10.629.105/0001-68,Fato Relevante,,Aumento de Capital Mediante Capitalização de Reserva,2025-02-28,2025-02-28,https://www.rad.cvm.gov.br/ENET/frmDownloadDocumento.aspx?Tela=ext&descTipo=IPE&CodigoInstituicao=1&numProtocolo=1341610&numSequencia=866336&numVersao=1
PRIO S.A.,10.629.105/0001-68,Fato Relevante,,Liquidação da 5ª Emissão de Debêntures,2025-02-28,2025-02-28,https://www.rad.cvm.gov.br/ENET/frmDownloadDocumento.aspx?Tela=ext&descTipo=IPE&CodigoInstituicao=1&numProtocolo=1341616&numSequencia=866342&numVersao=1
PRIO S.A.,10.629.105/0001-68,Fato Relevante,,Certificação de Reservas 2025,2025-03-13,2025-03-13,https://www.rad.cvm.gov.br/ENET/frmDownloadDocumento.aspx?Tela=ext&descTipo=IPE&CodigoInstituicao=1&numProtocolo=1346657&numSequencia=871383&numVersao=1
PRIO S.A.,10.629.105/0001-68,Fato Relevante,,Anuência do Ibama para workover dos poços no Campo de Tubarão Martelo,2025-04-24,2025-04-24,https://www.rad.cvm.gov.br/ENET/frmDownloadDocumento.aspx?Tela=ext&descTipo=IPE&CodigoInstituicao=1&numProtocolo=1365146&numSequencia=889872&numVersao=1
PRIO S.A.,10.629.105/0001-68,Fato Relevante,,Aquisição de Participações no Campo de Peregrino,2025-05-01,2025-05-01,https://www.rad.cvm.gov.br/ENET/frmDownloadDocumento.aspx?Tela=ext&descTipo=IPE&CodigoInstituicao=1&numProtocolo=1370712&numSequencia=895424&numVersao=3
PRIO S.A.,10.629.105/0001-68,Fato Relevante,,6ª Emissão Debêntures,2025-06-23,2025-06-23,https://www.rad.cvm.gov.br/ENET/frmDownloadDocumento.aspx?Tela=ext&descTipo=IPE&CodigoInstituicao=1&numProtocolo=1393122&numSequencia=917834&numVersao=1
PRIO S.A.,10.629.105/0001-68,Fato Relevante,,Aditamento 6ª Emissão Debêntures,2025-07-04,2025-07-04,https://www.rad.cvm.gov.br/ENET/frmDownloadDocumento.aspx?Tela=ext&descTipo=IPE&CodigoInstituicao=1&numProtocolo=1398118&numSequencia=922830&numVersao=1
PRIO S.A.,10.629.105/0001-68,Fato Relevante,,Liquidação da 6ª Emissão de Debêntures,2025-07-16,2025-07-16,https://www.rad.cvm.gov.br/ENET/frmDownloadDocumento.aspx?Tela=ext&descTipo=IPE&CodigoInstituicao=1&numProtocolo=1401445&numSequencia=926157&numVersao=1
PRIO S.A.,10.629.105/0001-68,Fato Relevante,,Licença Prévia - Wahoo,2025-07-18,2025-07-18,https://www.rad.cvm.gov.br/ENET/frmDownloadDocumento.aspx?Tela=ext&descTipo=IPE&CodigoInstituicao=1&numProtocolo=1402130&numSequencia=926842&numVersao=1
PRIO S.A.,10.629.105/0001-68,Fato Relevante,,Parada do Campo de Peregrino,2025-08-18,2025-08-18,https://www.rad.cvm.gov.br/ENET/frmDownloadDocumento.aspx?Tela=ext&descTipo=IPE&CodigoInstituicao=1&numProtocolo=1414426&numSequencia=939138&numVersao=1
PRIO S.A.,10.629.105/0001-68,Fato Relevante,,Licença de Instalação - Wahoo,2025-09-15,2025-09-15,https://www.rad.cvm.gov.br/ENET/frmDownloadDocumento.aspx?Tela=ext&descTipo=IPE&CodigoInstituicao=1&numProtocolo=1423622&numSequencia=948334&numVersao=1
PRIO S.A.,10.629.105/0001-68,Fato Relevante,,Emissão de Notas Representativa de Divida e Oferta de Recompra,2025-10-01,2025-10-01,https://www.rad.cvm.gov.br/ENET/frmDownloadDocumento.aspx?Tela=ext&descTipo=IPE&CodigoInstituicao=1&numProtocolo=1428150&numSequencia=952862&numVersao=1
PRIO S.A.,10.629.105/0001-68,Fato Relevante,,Emissão de Notas Representativa de Divida e Oferta de Recompra,2025-10-01,2025-10-01,https://www.rad.cvm.gov.br/ENET/frmDownloadDocumento.aspx?Tela=ext&descTipo=IPE&CodigoInstituicao=1&numProtocolo=1428221&numSequencia=952933&numVersao=2
PRIO S.A.,10.629.105/0001-68,Fato Relevante,,Emissão de Notas Representativas de Dívida | Pricing,2025-10-06,2025-10-06,https://www.rad.cvm.gov.br/ENET/frmDownloadDocumento.aspx?Tela=ext&descTipo=IPE&CodigoInstituicao=1&numProtocolo=1429976&numSequencia=954688&numVersao=1
PRIO S.A.,10.629.105/0001-68,Fato Relevante,,Resultado da Oferta de Recompra de Notas Representativas de Dívida,2025-10-08,2025-10-08,https://www.rad.cvm.gov.br/ENET/frmDownloadDocumento.aspx?Tela=ext&descTipo=IPE&CodigoInstituicao=1&numProtocolo=1430550&numSequencia=955262&numVersao=1
PRIO S.A.,10.629.105/0001-68,Fato Relevante,,Retomada de Produção do Campo de Peregrino,2025-10-17,2025-10-17,https://www.rad.cvm.gov.br/ENET/frmDownloadDocumento.aspx?Tela=ext&descTipo=IPE&CodigoInstituicao=1&numProtocolo=1433538&numSequencia=958250&numVersao=1
PRIO S.A.,10.629.105/0001-68,Fato Relevante,,Aumento de Capital Mediante Capitalização de Reserva,2025-10-28,2025-10-28,https://www.rad.cvm.gov.br/ENET/frmDownloadDocumento.aspx?Tela=ext&descTipo=IPE&CodigoInstituicao=1&numProtocolo=1436710&numSequencia=961422&numVersao=1
PRIO S.A.,10.629.105/0001-68,Fato Relevante,,Conclusão da Aquisição de 40% e Operação do Campo de Peregrino,2025-11-11,2025-11-11,https://www.rad.cvm.gov.br/ENET/frmDownloadDocumento.aspx?Tela=ext&descTipo=IPE&CodigoInstituicao=1&numProtocolo=1443557&numSequencia=968269&numVersao=1
PRIO S.A.,10.629.105/0001-68,Fato Relevante,,Cancelamento de Ações em Tesouraria,2025-12-17,2025-12-17,https://www.rad.cvm.gov.br/ENET/frmDownloadDocumento.aspx?Tela=ext&descTipo=IPE&CodigoInstituicao=1&numProtocolo=1458847&numSequencia=983559&numVersao=1
PRIO S.A.,10.629.105/0001-68,Fato Relevante,,Programa de Recompra de Ações,2025-12-17,2025-12-17,https://www.rad.cvm.gov.br/ENET/frmDownloadDocumento.aspx?Tela=ext&descTipo=IPE&CodigoInstituicao=1&numProtocolo=1458848&numSequencia=983560&numVersao=1
PRIO S.A.,10.629.105/0001-68,Política de Divulgação de Ato ou Fato Relevante,,,2025-12-17,2025-12-18,https://www.rad.cvm.gov.br/ENET/frmDownloadDocumento.aspx?Tela=ext&descTipo=IPE&CodigoInstituicao=1&numProtocolo=1458999&numSequencia=983711&numVersao=1
PRIO S.A.,10.629.105/0001-68,Fato Relevante,,Aumento de Capital por Exercício de Opções de Compra de Ações,2026-01-02,2026-01-02,https://www.rad.cvm.gov.br/ENET/frmDownloadDocumento.aspx?Tela=ext&descTipo=IPE&CodigoInstituicao=1&numProtocolo=1462998&numSequencia=987704&numVersao=1
PRIO S.A.,10.629.105/0001-68,Fato Relevante,,Aumento de Capital por Exercício de Opções de Compra de Ações,2026-01-02,2026-01-09,https://www.rad.cvm.gov.br/ENET/frmDownloadDocumento.aspx?Tela=ext&descTipo=IPE&CodigoInstituicao=1&numProtocolo=1465908&numSequencia=990614&numVersao=2
PRIO S.A.,10.629.105/0001-68,Fato Relevante,,Licença de Operação - Wahoo,2026-03-03,2026-03-03,https://www.rad.cvm.gov.br/ENET/frmDownloadDocumento.aspx?Tela=ext&descTipo=IPE&CodigoInstituicao=1&numProtocolo=1484462&numSequencia=1009168&numVersao=1
PRIO S.A.,10.629.105/0001-68,Fato Relevante,,Certificação de Reservas 2026,2026-03-10,2026-03-10,https://www.rad.cvm.gov.br/ENET/frmDownloadDocumento.aspx?Tela=ext&descTipo=IPE&CodigoInstituicao=1&numProtocolo=1488400&numSequencia=1013106&numVersao=1
PRIO S.A.,10.629.105/0001-68,Fato Relevante,,Licença de Perfuração em Frade,2026-03-16,2026-03-16,https://www.rad.cvm.gov.br/ENET/frmDownloadDocumento.aspx?Tela=ext&descTipo=IPE&CodigoInstituicao=1&numProtocolo=1491005&numSequencia=1015711&numVersao=1
PRIO S.A.,10.629.105/0001-68,Fato Relevante,,Start-up do Campo de Wahoo,2026-03-19,2026-03-19,https://www.rad.cvm.gov.br/ENET/frmDownloadDocumento.aspx?Tela=ext&descTipo=IPE&CodigoInstituicao=1&numProtocolo=1492359&numSequencia=1017065&numVersao=1
PRIO S.A.,10.629.105/0001-68,Fato Relevante,,Produção do Primeiro Poço de Wahoo,2026-03-23,2026-03-23,https://www.rad.cvm.gov.br/ENET/frmDownloadDocumento.aspx?Tela=ext&descTipo=IPE&CodigoInstituicao=1&numProtocolo=1493458&numSequencia=1018164&numVersao=1
PRIO S.A.,10.629.105/0001-68,Fato Relevante,,Produção do segundo poço de Wahoo,2026-03-27,2026-03-27,https://www.rad.cvm.gov.br/ENET/frmDownloadDocumento.aspx?Tela=ext&descTipo=IPE&CodigoInstituicao=1&numProtocolo=1496355&numSequencia=1021061&numVersao=1
PRIO S.A.,10.629.105/0001-68,Fato Relevante,,Produção do Terceiro Poço de Wahoo,2026-04-06,2026-04-06,https://www.rad.cvm.gov.br/ENET/frmDownloadDocumento.aspx?Tela=ext&descTipo=IPE&CodigoInstituicao=1&numProtocolo=1501613&numSequencia=1026319&numVersao=1
PRIO S.A.,10.629.105/0001-68,Fato Relevante,,Alteração na Diretoria de Operações,2026-05-05,2026-05-05,https://www.rad.cvm.gov.br/ENET/frmDownloadDocumento.aspx?Tela=ext&descTipo=IPE&CodigoInstituicao=1&numProtocolo=1516112&numSequencia=1040818&numVersao=1
PRIO S.A.,10.629.105/0001-68,Fato Relevante,,Produção do Quarto Poço de Wahoo,2026-06-16,2026-06-16,https://www.rad.cvm.gov.br/ENET/frmDownloadDocumento.aspx?Tela=ext&descTipo=IPE&CodigoInstituicao=1&numProtocolo=1535182&numSequencia=1059888&numVersao=1
