Date,PRIO3,BRENT,USDBRL
2021-07-05,21.455537796020508,,5.059199810028076
2021-07-06,20.207542419433594,74.52999877929688,5.088459014892578
2021-07-07,19.808185577392578,73.43000030517578,5.195300102233887
2021-07-08,19.548601150512695,74.12000274658203,5.231200218200684
2021-07-09,19.548601150512695,75.55000305175781,5.257999897003174
2021-07-12,19.40882682800293,75.16000366210938,5.257900238037109
2021-07-13,19.538618087768555,76.48999786376953,5.172699928283691
2021-07-14,19.3189697265625,74.76000213623047,5.162399768829346
2021-07-15,18.919612884521484,73.47000122070312,5.069900035858154
2021-07-16,18.819772720336914,73.58999633789062,5.110000133514404
2021-07-19,18.170814514160156,68.62000274658203,5.1153998374938965
2021-07-20,18.769851684570312,69.3499984741211,5.250899791717529
2021-07-21,18.969532012939453,72.2300033569336,5.219900131225586
2021-07-22,19.029434204101562,73.79000091552734,5.187300205230713
2021-07-23,18.919612884521484,74.0999984741211,5.1996002197265625
2021-07-26,18.719932556152344,74.5,5.19789981842041
2021-07-27,17.92121696472168,74.4800033569336,5.1753997802734375
2021-07-28,17.971134185791016,74.73999786376953,5.169099807739258
2021-07-29,18.35052490234375,76.05000305175781,5.114799976348877
2021-07-30,17.82137680053711,76.33000183105469,5.080399990081787
2021-08-02,17.561792373657227,72.88999938964844,5.208700180053711
2021-08-03,17.871295928955078,72.41000366210938,5.174600124359131
2021-08-04,17.27225685119629,70.37999725341797,5.196800231933594
2021-08-05,17.242305755615234,71.29000091552734,5.1682000160217285
2021-08-06,17.441984176635742,70.69999694824219,5.245200157165527
2021-08-09,17.551809310913086,69.04000091552734,5.23199987411499
2021-08-10,18.689979553222656,70.62999725341797,5.231800079345703
2021-08-11,18.270652770996094,71.44000244140625,5.188300132751465
2021-08-12,17.72153663635254,71.30999755859375,5.218200206756592
2021-08-13,17.392065048217773,70.58999633789062,5.252200126647949
2021-08-16,16.74310874938965,69.51000213623047,5.247499942779541
2021-08-17,16.7231388092041,69.02999877929688,5.259699821472168
2021-08-18,17.252290725708008,68.2300033569336,5.294300079345703
2021-08-19,18.070974349975586,66.44999694824219,5.378600120544434
2021-08-20,18.001087188720703,65.18000030517578,5.414100170135498
2021-08-23,18.65004539489746,68.75,5.379000186920166
2021-08-24,19.049402236938477,71.05000305175781,5.379899978637695
2021-08-25,18.889659881591797,72.25,5.245800018310547
2021-08-26,18.031038284301758,71.06999969482422,5.210999965667725
2021-08-27,19.36888885498047,72.69999694824219,5.2515997886657715
2021-08-30,19.26905059814453,73.41000366210938,5.2027997970581055
2021-08-31,19.139259338378906,72.98999786376953,5.1828999519348145
2021-09-01,18.60012435913086,71.58999633789062,5.1493000984191895
2021-09-02,18.739900588989258,73.02999877929688,5.184599876403809
2021-09-03,18.120893478393555,72.61000061035156,5.18179988861084
2021-09-06,18.500286102294922,72.61000061035156,5.189799785614014
2021-09-07,18.500286102294922,71.69000244140625,5.169300079345703
2021-09-08,18.2307186126709,72.5999984741211,5.169600009918213
2021-09-09,19.748281478881836,71.44999694824219,5.3206000328063965
2021-09-10,19.069372177124023,72.91999816894531,5.196499824523926
2021-09-13,19.488698959350586,73.51000213623047,5.247000217437744
2021-09-14,19.598520278930664,73.5999984741211,5.213200092315674
2021-09-15,21.056180953979492,75.45999908447266,5.238900184631348
2021-09-16,20.85650062561035,75.66999816894531,5.221700191497803
2021-09-17,20.03781509399414,75.33999633789062,5.256800174713135
2021-09-20,18.89964485168457,73.91999816894531,5.289700031280518
2021-09-21,19.229114532470703,74.36000061035156,5.323200225830078
2021-09-22,20.666805267333984,76.19000244140625,5.268899917602539
2021-09-23,21.136051177978516,77.25,5.287700176239014
2021-09-24,21.954736709594727,78.08999633789062,5.3018999099731445
2021-09-27,23.072940826416016,79.52999877929688,5.336999893188477
2021-09-28,21.894832611083984,79.08999633789062,5.390399932861328
2021-09-29,22.813358306884766,78.63999938964844,5.427599906921387
2021-09-30,24.979877471923828,78.5199966430664,5.414299964904785
2021-10-01,26.3077449798584,79.27999877929688,5.441699981689453
2021-10-04,26.01820945739746,81.26000213623047,5.3678998947143555
2021-10-05,26.15798568725586,82.55999755859375,5.453199863433838
2021-10-06,26.207904815673828,81.08000183105469,5.475500106811523
2021-10-07,26.657184600830078,81.94999694824219,5.4918999671936035
2021-10-08,26.97667121887207,82.38999938964844,5.517000198364258
2021-10-11,27.745437622070312,83.6500015258789,5.506899833679199
2021-10-12,27.745437622070312,83.41999816894531,5.535999774932861
2021-10-13,26.906784057617188,83.18000030517578,5.531499862670898
2021-10-14,28.1048583984375,84.0,5.512499809265137
2021-10-15,27.69551658630371,84.86000061035156,5.512199878692627
2021-10-18,27.116445541381836,84.33000183105469,5.458399772644043
2021-10-19,26.72707176208496,85.08000183105469,5.511300086975098
2021-10-20,26.816926956176758,85.81999969482422,5.5833001136779785
2021-10-21,26.24784278869629,84.61000061035156,5.59630012512207
2021-10-22,26.437536239624023,85.52999877929688,5.657800197601318
2021-10-25,27.37602996826172,85.98999786376953,5.649199962615967
2021-10-26,27.106462478637695,86.4000015258789,5.5543999671936035
2021-10-27,25.309349060058594,84.58000183105469,5.564799785614014
2021-10-28,23.472299575805664,84.31999969482422,5.534999847412109
2021-10-29,23.432363510131836,84.37999725341797,5.644899845123291
2021-11-01,23.36247444152832,84.70999908447266,5.633699893951416
2021-11-02,23.36247444152832,84.72000122070312,5.678899765014648
2021-11-03,23.76183319091797,81.98999786376953,5.678599834442139
2021-11-04,23.35249137878418,80.54000091552734,5.5524001121521
2021-11-05,27.525789260864258,82.73999786376953,5.6016998291015625
2021-11-08,27.715484619140625,83.43000030517578,5.541100025177002
2021-11-09,26.457504272460938,84.77999877929688,5.543099880218506
2021-11-10,25.66876983642578,82.63999938964844,5.479100227355957
2021-11-11,25.628835678100586,82.87000274658203,5.4899001121521
2021-11-12,24.32093620300293,82.16999816894531,5.3979997634887695
2021-11-15,24.32093620300293,82.05000305175781,5.457600116729736
2021-11-16,23.472299575805664,82.43000030517578,5.456299781799316
2021-11-17,23.023019790649414,80.27999877929688,5.502200126647949
2021-11-18,22.004657745361328,81.23999786376953,5.52869987487793
2021-11-19,21.425586700439453,78.88999938964844,5.556399822235107
2021-11-22,21.49547576904297,79.69999694824219,5.611599922180176
2021-11-23,22.63364601135254,82.30999755859375,5.585599899291992
2021-11-24,21.86488151550293,82.25,5.570400238037109
2021-11-25,22.044591903686523,82.25,5.605199813842773
2021-11-26,20.117687225341797,72.72000122070312,5.565100193023682
2021-11-29,20.806581497192383,73.44000244140625,5.607800006866455
2021-11-30,20.257463455200195,70.56999969482422,5.6006999015808105
2021-12-01,20.277429580688477,68.87000274658203,5.620871067047119
2021-12-02,20.926387786865234,69.66999816894531,5.6915669441223145
2021-12-03,21.175987243652344,69.87999725341797,5.643321990966797
2021-12-06,21.575345993041992,73.08000183105469,5.65009880065918
2021-12-07,21.894832611083984,75.44000244140625,5.688000202178955
2021-12-08,20.936370849609375,75.81999969482422,5.611800193786621
2021-12-09,20.706741333007812,74.41999816894531,5.531599998474121
2021-12-10,20.666805267333984,75.1500015258789,5.571100234985352
2021-12-13,20.357301712036133,74.38999938964844,5.60866117477417
2021-12-14,19.66840934753418,73.69999694824219,5.679699897766113
2021-12-15,19.868087768554688,73.87999725341797,5.680600166320801
2021-12-16,19.987895965576172,75.0199966430664,5.6793999671936035
2021-12-17,20.267446517944336,73.5199966430664,5.687399864196777
2021-12-20,19.079355239868164,71.5199966430664,5.693059921264648
2021-12-21,19.598520278930664,73.9800033569336,5.741300106048584
2021-12-22,19.838136672973633,75.29000091552734,5.74399995803833
2021-12-23,19.66840934753418,76.8499984741211,5.6529998779296875
2021-12-24,19.66840934753418,76.8499984741211,5.671795845031738
2021-12-27,20.626869201660156,78.5999984741211,5.67110013961792
2021-12-28,20.017847061157227,78.94000244140625,5.624100208282471
2021-12-29,20.017847061157227,79.2300033569336,5.627500057220459
2021-12-30,20.63685417175293,79.31999969482422,5.702700138092041
2021-12-31,20.63685417175293,77.77999877929688,5.570199966430664
2022-01-03,20.257463455200195,78.9800033569336,5.569300174713135
2022-01-04,20.6867733001709,80.0,5.68120002746582
2022-01-05,18.460350036621094,80.80000305175781,5.676199913024902
2022-01-06,18.929594039916992,81.98999786376953,5.705635070800781
2022-01-07,19.78821563720703,81.75,5.682400226593018
2022-01-10,20.107702255249023,80.87000274658203,5.632199764251709
2022-01-11,21.166004180908203,83.72000122070312,5.662199974060059
2022-01-12,21.325748443603516,84.66999816894531,5.567299842834473
2022-01-13,21.984689712524414,84.47000122070312,5.533199787139893
2022-01-14,22.863277435302734,86.05999755859375,5.526700019836426
2022-01-17,22.783405303955078,86.05999755859375,5.533299922943115
2022-01-18,23.881641387939453,87.51000213623047,5.5157999992370605
2022-01-19,23.951528549194336,88.44000244140625,5.565700054168701
2022-01-20,24.16119384765625,88.37999725341797,5.43720006942749
2022-01-21,23.56215476989746,87.88999938964844,5.418099880218506
2022-01-24,23.132844924926758,86.2699966430664,5.457099914550781
2022-01-25,23.841705322265625,88.19999694824219,5.486100196838379
2022-01-26,23.55217170715332,89.95999908447266,5.440703868865967
2022-01-27,23.771818161010742,89.33999633789062,5.429166793823242
2022-01-28,23.80177116394043,90.02999877929688,5.40348482131958
2022-01-31,23.881641387939453,91.20999908447266,5.362599849700928
2022-02-01,23.70193099975586,89.16000366210938,5.303100109100342
2022-02-02,22.993070602416992,89.47000122070312,5.264500141143799
2022-02-03,22.703533172607422,91.11000061035156,5.260900020599365
2022-02-04,24.3708553314209,93.2699966430664,5.282899856567383
2022-02-07,24.131240844726562,92.69000244140625,5.326900005340576
2022-02-08,23.831722259521484,90.77999877929688,5.262599945068359
2022-02-09,24.460712432861328,91.55000305175781,5.258399963378906
2022-02-10,24.710309982299805,91.41000366210938,5.234499931335449
2022-02-11,25.75862693786621,94.44000244140625,5.248700141906738
2022-02-14,26.457504272460938,96.4800033569336,5.249956130981445
2022-02-15,25.708707809448242,93.27999877929688,5.214000225067139
2022-02-16,25.19952392578125,94.80999755859375,5.157899856567383
2022-02-17,24.850086212158203,92.97000122070312,5.135799884796143
2022-02-18,24.340904235839844,93.54000091552734,5.170599937438965
2022-02-21,25.229476928710938,93.54000091552734,5.137499809265137
2022-02-22,24.500648498535156,96.83999633789062,5.102700233459473
2022-02-23,24.850086212158203,96.83999633789062,5.05709981918335
2022-02-24,24.82013511657715,99.08000183105469,5.008699893951416
2022-02-25,25.778594970703125,97.93000030517578,5.122200012207031
2022-02-28,25.778594970703125,100.98999786376953,5.15939998626709
2022-03-01,25.778594970703125,104.97000122070312,5.158400058746338
2022-03-02,28.1048583984375,112.93000030517578,5.158999919891357
2022-03-03,28.41436004638672,110.45999908447266,5.096502780914307
2022-03-04,28.1547794342041,118.11000061035156,5.030900001525879
2022-03-07,27.50581932067871,123.20999908447266,5.06056022644043
2022-03-08,27.89519500732422,127.9800033569336,5.110499858856201
2022-03-09,26.098081588745117,111.13999938964844,5.058800220489502
2022-03-10,25.778594970703125,109.33000183105469,5.011499881744385
2022-03-11,24.870054244995117,112.66999816894531,5.009699821472168
2022-03-14,23.522218704223633,106.9000015258789,5.073500156402588
2022-03-15,23.671977996826172,99.91000366210938,5.121399879455566
2022-03-16,23.122859954833984,98.0199966430664,5.1631999015808105
2022-03-17,25.009828567504883,106.63999938964844,5.0738749504089355
2022-03-18,25.868450164794922,107.93000030517578,5.039400100708008
2022-03-21,26.128034591674805,115.62000274658203,5.0177998542785645
2022-03-22,26.51740837097168,115.4800033569336,4.935200214385986
2022-03-23,27.296157836914062,121.5999984741211,4.909999847412109
2022-03-24,26.068130493164062,119.02999877929688,4.82420015335083
2022-03-25,25.18954086303711,120.6500015258789,4.826300144195557
2022-03-28,24.9898624420166,112.4800033569336,4.7368998527526855
2022-03-29,25.19952392578125,110.2300033569336,4.764100074768066
2022-03-30,25.03978157043457,113.44999694824219,4.756199836730957
2022-03-31,23.771818161010742,107.91000366210938,4.769700050354004
2022-04-01,24.450727462768555,104.38999938964844,4.737800121307373
2022-04-04,24.32093620300293,107.52999877929688,4.657199859619141
2022-04-05,24.011432647705078,106.63999938964844,4.593800067901611
2022-04-06,23.51223373413086,101.06999969482422,4.650700092315674
2022-04-07,23.522218704223633,100.58000183105469,4.715199947357178
2022-04-08,23.542186737060547,102.77999877929688,4.752099990844727
2022-04-11,23.31255531311035,98.4800033569336,4.6981000900268555
2022-04-12,23.7119140625,104.63999938964844,4.693600177764893
2022-04-13,24.300968170166016,108.77999877929688,4.673099994659424
2022-04-14,24.860069274902344,111.69999694824219,4.690199851989746
2022-04-15,24.860069274902344,111.69999694824219,4.701000213623047
2022-04-18,24.800167083740234,113.16000366210938,4.7006001472473145
2022-04-19,24.620454788208008,107.25,4.6519999504089355
2022-04-20,25.658788681030273,106.80000305175781,4.664999961853027
2022-04-21,25.658788681030273,108.33000183105469,4.620800018310547
2022-04-22,24.44074249267578,106.6500015258789,4.620800018310547
2022-04-25,24.660390853881836,102.31999969482422,4.795199871063232
2022-04-26,25.269412994384766,104.98999786376953,4.876200199127197
2022-04-27,25.54896354675293,105.31999969482422,4.997799873352051
2022-04-28,26.237857818603516,107.58999633789062,4.963600158691406
2022-04-29,26.657184600830078,109.33999633789062,4.93779993057251
2022-05-02,25.109668731689453,107.58000183105469,4.97130012512207
2022-05-03,25.788578033447266,104.97000122070312,5.084700107574463
2022-05-04,27.28617286682129,110.13999938964844,4.958099842071533
2022-05-05,26.507423400878906,110.9000015258789,4.918799877166748
2022-05-06,26.457504272460938,112.38999938964844,5.0279998779296875
2022-05-09,24.18115997314453,105.94000244140625,5.080399990081787
2022-05-10,24.231081008911133,102.45999908447266,5.160900115966797
2022-05-11,25.44912338256836,107.51000213623047,5.13129997253418
2022-05-12,26.098081588745117,107.44999694824219,5.134252071380615
2022-05-13,27.046558380126953,111.55000305175781,5.133399963378906
2022-05-16,27.016605377197266,114.23999786376953,5.058300018310547
2022-05-17,26.47747230529785,111.93000030517578,5.059700012207031
2022-05-18,25.13962173461914,109.11000061035156,4.9380998611450195
2022-05-19,24.830120086669922,112.04000091552734,4.96750020980835
2022-05-20,25.43914031982422,112.55000305175781,4.929999828338623
2022-05-23,26.128034591674805,113.41999816894531,4.880199909210205
2022-05-24,27.146398544311523,113.55999755859375,4.813499927520752
2022-05-25,27.425949096679688,114.02999877929688,4.817800045013428
2022-05-26,27.935131072998047,117.4000015258789,4.822800159454346
2022-05-27,28.6739444732666,119.43000030517578,4.768199920654297
2022-05-30,28.21468162536621,119.43000030517578,4.729599952697754
2022-05-31,27.945114135742188,122.83999633789062,4.752399921417236
2022-06-01,28.1048583984375,116.29000091552734,4.730400085449219
2022-06-02,28.653976440429688,117.61000061035156,4.815499782562256
2022-06-03,27.765403747558594,119.72000122070312,4.7957000732421875
2022-06-06,27.016605377197266,119.51000213623047,4.775000095367432
2022-06-07,27.266204833984375,120.56999969482422,4.7941999435424805
2022-06-08,27.75541877746582,123.58000183105469,4.867526054382324
2022-06-09,27.176349639892578,123.06999969482422,4.898099899291992
2022-06-10,27.056543350219727,122.01000213623047,4.903299808502197
2022-06-13,25.988258361816406,122.2699966430664,4.984000205993652
2022-06-14,25.5988826751709,121.16999816894531,5.113399982452393
2022-06-15,25.219493865966797,118.51000213623047,5.116099834442139
2022-06-16,25.219493865966797,119.80999755859375,5.052000045776367
2022-06-17,23.003053665161133,113.12000274658203,5.052199840545654
2022-06-20,22.803373336791992,113.12000274658203,5.152100086212158
2022-06-21,22.69355010986328,114.6500015258789,5.18720006942749
2022-06-22,21.235891342163086,111.73999786376953,5.122799873352051
2022-06-23,20.43717384338379,110.05000305175781,5.193600177764893
2022-06-24,21.49547576904297,113.12000274658203,5.23799991607666
2022-06-27,22.63364601135254,115.08999633789062,5.241399765014648
2022-06-28,22.6236629486084,117.9800033569336,5.236800193786621
2022-06-29,22.4339656829834,116.26000213623047,5.266600131988525
2022-06-30,21.954736709594727,114.80999755859375,5.1809000968933105
2022-07-01,22.064559936523438,111.62999725341797,5.251999855041504
2022-07-04,22.753454208374023,111.62999725341797,5.330999851226807
2022-07-05,21.136051177978516,102.7699966430664,5.3282999992370605
2022-07-06,20.85650062561035,100.69000244140625,5.385200023651123
2022-07-07,21.185970306396484,104.6500015258789,5.427999973297119
2022-07-08,21.72510528564453,107.0199966430664,5.338200092315674
2022-07-11,21.884849548339844,107.0999984741211,5.254000186920166
2022-07-12,22.204336166381836,99.48999786376953,5.377200126647949
2022-07-13,21.555377960205078,99.56999969482422,5.436500072479248
2022-07-14,20.726709365844727,99.0999984741211,5.390900135040283
2022-07-15,20.666805267333984,101.16000366210938,5.422800064086914
2022-07-18,22.054576873779297,106.2699966430664,5.410099983215332
2022-07-19,22.32414436340332,107.3499984741211,5.436800003051758
2022-07-20,22.22430419921875,106.91999816894531,5.413099765777588
2022-07-21,22.803373336791992,103.86000061035156,5.470200061798096
2022-07-22,22.63364601135254,103.19999694824219,5.497799873352051
2022-07-25,23.572139739990234,105.1500015258789,5.496699810028076
2022-07-26,23.70193099975586,104.4000015258789,5.356299877166748
2022-07-27,23.65201187133789,106.62000274658203,5.350100040435791
2022-07-28,23.75185203552246,107.13999938964844,5.243000030517578
2022-07-29,24.18115997314453,110.01000213623047,5.182700157165527
2022-08-01,23.3325252532959,100.02999877929688,5.171199798583984
2022-08-02,23.35249137878418,100.54000091552734,5.184000015258789
2022-08-03,23.721899032592773,96.77999877929688,5.277699947357178
2022-08-04,23.31255531311035,94.12000274658203,5.282700061798096
2022-08-05,24.031400680541992,94.91999816894531,5.211100101470947
2022-08-08,24.610471725463867,96.6500015258789,5.164599895477295
2022-08-09,25.009828567504883,96.30999755859375,5.110099792480469
2022-08-10,24.760229110717773,97.4000015258789,5.123700141906738
2022-08-11,25.319334030151367,99.5999984741211,5.093699932098389
2022-08-12,25.828516006469727,98.1500015258789,5.1570000648498535
2022-08-15,25.28938102722168,95.0999984741211,5.074900150299072
2022-08-16,24.2810001373291,92.33999633789062,5.095600128173828
2022-08-17,24.300968170166016,93.6500015258789,5.1417388916015625
2022-08-18,24.600486755371094,96.58999633789062,5.164999961853027
2022-08-19,23.931560516357422,96.72000122070312,5.166999816894531
2022-08-22,23.382444381713867,96.4800033569336,5.168399810791016
2022-08-23,25.069734573364258,100.22000122070312,5.156099796295166
2022-08-24,25.938337326049805,101.22000122070312,5.103499889373779
2022-08-25,26.347681045532227,99.33999633789062,5.110099792480469
2022-08-26,26.51740837097168,100.98999786376953,5.108699798583984
2022-08-29,27.18633270263672,105.08999633789062,5.0625
2022-08-30,26.82691192626953,99.30999755859375,5.027200222015381
2022-08-31,27.266204833984375,96.48999786376953,5.1219000816345215
2022-09-01,27.156383514404297,92.36000061035156,5.181700229644775
2022-09-02,27.70549964904785,93.0199966430664,5.2403998374938965
2022-09-05,29.492630004882812,93.0199966430664,5.171000003814697
2022-09-06,28.6739444732666,92.83000183105469,5.153900146484375
2022-09-07,28.6739444732666,88.0,5.247200012207031
2022-09-08,27.50581932067871,89.1500015258789,5.246699810028076
2022-09-09,28.00501823425293,92.83999633789062,5.2133002281188965
2022-09-12,27.555740356445312,94.0,5.146299839019775
2022-09-13,26.986656188964844,93.16999816894531,5.0920000076293945
2022-09-14,28.36444091796875,94.0999984741211,5.189799785614014
2022-09-15,27.655580520629883,90.83999633789062,5.162700176239014
2022-09-16,27.975067138671875,91.3499984741211,5.246099948883057
2022-09-19,28.034971237182617,92.0,5.250699996948242
2022-09-20,28.284570693969727,90.62000274658203,5.170899868011475
2022-09-21,28.484249114990234,89.83000183105469,5.141499996185303
2022-09-22,29.502613067626953,90.45999908447266,5.170400142669678
2022-09-23,28.074907302856445,86.1500015258789,5.115499973297119
2022-09-26,28.074907302856445,84.05999755859375,5.258800029754639
2022-09-27,27.13641357421875,86.2699966430664,5.389400005340576
2022-09-28,27.865243911743164,89.31999969482422,5.3780999183654785
2022-09-29,27.18633270263672,88.48999786376953,5.374199867248535
2022-09-30,27.48585319519043,87.95999908447266,5.396200180053711
2022-10-03,28.893592834472656,88.86000061035156,5.414299964904785
2022-10-04,30.281362533569336,91.80000305175781,5.16349983215332
2022-10-05,31.249807357788086,93.37000274658203,5.17579984664917
2022-10-06,31.559310913085938,94.41999816894531,5.195199966430664
2022-10-07,31.958667755126953,97.91999816894531,5.220099925994873
2022-10-10,31.409549713134766,96.19000244140625,5.198400020599365
2022-10-11,31.449485778808594,94.29000091552734,5.186800003051758
2022-10-12,31.449485778808594,92.44999694824219,5.292099952697754
2022-10-13,31.709070205688477,94.56999969482422,5.291500091552734
2022-10-14,31.000207901000977,91.62999725341797,5.259799957275391
2022-10-17,31.299726486206055,91.62000274658203,5.327400207519531
2022-10-18,32.178314208984375,90.02999877929688,5.2773590087890625
2022-10-19,33.37639236450195,92.41000366210938,5.239799976348877
2022-10-20,33.156742095947266,92.37999725341797,5.269199848175049
2022-10-21,33.79571533203125,93.5,5.216599941253662
2022-10-24,33.43629837036133,93.26000213623047,5.163400173187256
2022-10-25,33.735816955566406,93.5199966430664,5.30620002746582
2022-10-26,33.276554107666016,95.69000244140625,5.315199851989746
2022-10-27,33.55610275268555,96.95999908447266,5.383900165557861
2022-10-28,33.96544647216797,95.7699966430664,5.339200019836426
2022-10-31,35.333248138427734,94.83000183105469,5.28849983215332
2022-11-01,37.070457458496094,94.6500015258789,5.178800106048584
2022-11-02,37.070457458496094,96.16000366210938,5.142399787902832
2022-11-03,36.68108367919922,94.66999816894531,5.142600059509277
2022-11-04,37.58962631225586,98.56999969482422,5.1149001121521
2022-11-07,36.361595153808594,97.91999816894531,5.078132152557373
2022-11-08,37.36997604370117,95.36000061035156,5.153326988220215
2022-11-09,37.160316467285156,92.6500015258789,5.14300012588501
2022-11-10,36.52134323120117,93.66999816894531,5.185200214385986
2022-11-11,37.63954544067383,95.98999786376953,5.341579914093018
2022-11-14,38.438262939453125,93.13999938964844,5.279058933258057
2022-11-15,38.438262939453125,93.86000061035156,5.331200122833252
2022-11-16,36.21183776855469,92.86000061035156,5.331699848175049
2022-11-17,35.742591857910156,89.77999877929688,5.39900016784668
2022-11-18,34.44467544555664,87.62000274658203,5.422100067138672
2022-11-21,34.4346923828125,87.44999694824219,5.38129997253418
2022-11-22,35.41312026977539,88.36000061035156,5.318600177764893
2022-11-23,35.21343994140625,85.41000366210938,5.357699871063232
2022-11-24,36.45145034790039,85.41000366210938,5.35830020904541
2022-11-25,34.59443664550781,83.62999725341797,5.320000171661377
2022-11-28,34.84403610229492,83.19000244140625,5.4085001945495605
2022-11-29,35.22342300415039,83.02999877929688,5.364699840545654
2022-11-30,35.9921875,85.43000030517578,5.268199920654297
2022-12-01,36.64114761352539,86.87999725341797,5.181589126586914
2022-12-02,36.631160736083984,85.56999969482422,5.183599948883057
2022-12-05,35.96223831176758,82.68000030517578,5.2179999351501465
2022-12-06,34.584449768066406,79.3499984741211,5.28000020980835
2022-12-07,32.61760711669922,77.16999816894531,5.234000205993652
2022-12-08,33.11680603027344,76.1500015258789,5.203999996185303
2022-12-09,33.596038818359375,76.0999984741211,5.224299907684326
2022-12-12,34.584449768066406,77.98999786376953,5.235000133514404
2022-12-13,34.834049224853516,80.68000030517578,5.321300029754639
2022-12-14,36.12198257446289,82.69999694824219,5.292799949645996
2022-12-15,35.71263885498047,81.20999908447266,5.277200222015381
2022-12-16,35.293312072753906,79.04000091552734,5.311800003051758
2022-12-19,35.72262191772461,79.80000305175781,5.306509017944336
2022-12-20,35.802494049072266,79.98999786376953,5.291600227355957
2022-12-21,35.5728645324707,82.19999694824219,5.198400020599365
2022-12-22,35.20345687866211,80.9800033569336,5.199900150299072
2022-12-23,35.43309020996094,83.91999816894531,5.165599822998047
2022-12-26,35.3831672668457,83.91999816894531,5.164299964904785
2022-12-27,35.522945404052734,84.33000183105469,5.21750020980835
2022-12-28,37.19026565551758,83.26000213623047,5.292300224304199
2022-12-29,37.15032958984375,82.26000213623047,5.2667999267578125
2022-12-30,37.15032958984375,85.91000366210938,5.284599781036377
2023-01-02,36.7010498046875,85.91000366210938,5.2855000495910645
2023-01-03,34.2449951171875,82.0999984741211,5.360130786895752
2023-01-04,34.03533172607422,77.83999633789062,5.478499889373779
2023-01-05,34.91392135620117,78.69000244140625,5.430099964141846
2023-01-06,35.12358474731445,78.56999969482422,5.349800109863281
2023-01-09,35.95225143432617,79.6500015258789,5.224400043487549
2023-01-10,36.15193176269531,80.0999984741211,5.253699779510498
2023-01-11,38.957427978515625,82.66999816894531,5.198299884796143
2023-01-12,39.686256408691406,84.02999877929688,5.1585001945495605
2023-01-13,38.98737716674805,85.27999877929688,5.107699871063232
2023-01-16,39.007347106933594,85.27999877929688,5.080699920654297
2023-01-17,38.677879333496094,85.91999816894531,5.145999908447266
2023-01-18,38.907508850097656,84.9800033569336,5.099599838256836
2023-01-19,40.455020904541016,86.16000366210938,5.185299873352051
2023-01-20,41.03409194946289,87.62999725341797,5.172999858856201
2023-01-23,41.49335479736328,88.19000244140625,5.206299781799316
2023-01-24,40.964202880859375,86.12999725341797,5.205900192260742
2023-01-25,41.85277557373047,86.12000274658203,5.138400077819824
2023-01-26,42.27210235595703,87.47000122070312,5.072199821472168
2023-01-27,41.72298812866211,86.66000366210938,5.062745094299316
2023-01-30,41.433448791503906,84.9000015258789,5.1072001457214355
2023-01-31,42.03248596191406,84.48999786376953,5.1149001121521
2023-02-01,41.03409194946289,82.83999633789062,5.072199821472168
2023-02-02,39.985774993896484,82.16999816894531,5.053500175476074
2023-02-03,40.10558319091797,79.94000244140625,5.049200057983398
2023-02-06,41.133934020996094,80.98999786376953,5.149799823760986
2023-02-07,41.5632438659668,83.69000244140625,5.145699977874756
2023-02-08,42.48176574707031,85.08999633789062,5.2093000411987305
2023-02-09,41.8927116394043,84.5,5.19950008392334
2023-02-10,42.68144607543945,86.38999938964844,5.2895002365112305
2023-02-13,41.97258377075195,86.61000061035156,5.213482856750488
2023-02-14,40.79447555541992,85.58000183105469,5.158400058746338
2023-02-15,40.834415435791016,85.37999725341797,5.191500186920166
2023-02-16,40.185455322265625,85.13999938964844,5.2179999351501465
2023-02-17,38.14872360229492,83.0,5.216800212860107
2023-02-20,38.14872360229492,83.0,5.165168762207031
2023-02-21,38.14872360229492,83.05000305175781,5.1666998863220215
2023-02-22,37.539703369140625,80.5999984741211,5.166500091552734
2023-02-23,37.409915924072266,82.20999908447266,5.151199817657471
2023-02-24,37.539703369140625,83.16000366210938,5.136199951171875
2023-02-27,36.960636138916016,82.44999694824219,5.207799911499023
2023-02-28,33.645957946777344,83.88999938964844,5.199699878692627
2023-03-01,33.326473236083984,84.30999755859375,5.235899925231934
2023-03-02,33.905540466308594,84.75,5.178299903869629
2023-03-03,34.65433883666992,85.83000183105469,5.1996002197265625
2023-03-06,34.574466705322266,86.18000030517578,5.194399833679199
2023-03-07,33.536136627197266,83.29000091552734,5.152200222015381
2023-03-08,34.41472625732422,82.66000366210938,5.190000057220459
2023-03-09,33.37639236450195,81.58999633789062,5.144400119781494
2023-03-10,33.156742095947266,82.77999877929688,5.163700103759766
2023-03-13,31.719053268432617,80.7699966430664,5.21560001373291
2023-03-14,32.158348083496094,77.44999694824219,5.245699882507324
2023-03-15,31.100048065185547,73.69000244140625,5.251699924468994
2023-03-16,31.649166107177734,74.69999694824219,5.287099838256836
2023-03-17,31.3196964263916,72.97000122070312,5.229599952697754
2023-03-20,30.940303802490234,73.79000091552734,5.2778000831604
2023-03-21,31.669132232666016,75.31999969482422,5.2357001304626465
2023-03-22,31.299726486206055,76.69000244140625,5.240900039672852
2023-03-23,29.882003784179688,75.91000366210938,5.236100196838379
2023-03-24,30.231443405151367,74.98999786376953,5.2967000007629395
2023-03-27,31.569293975830078,78.12000274658203,5.245100021362305
2023-03-28,31.828876495361328,78.6500015258789,5.1971001625061035
2023-03-29,31.88878059387207,78.27999877929688,5.164400100708008
2023-03-30,32.29812240600586,79.2699966430664,5.134200096130371
2023-03-31,31.139984130859375,79.7699966430664,5.092700004577637
2023-04-03,32.348045349121094,84.93000030517578,5.062300205230713
2023-04-04,33.79571533203125,84.94000244140625,5.0630998611450195
2023-04-05,33.4462776184082,84.98999786376953,5.070700168609619
2023-04-06,34.804100036621094,85.12000274658203,5.033199787139893
2023-04-07,34.804100036621094,85.12000274658203,5.058300018310547
2023-04-10,34.8640022277832,84.18000030517578,5.0543999671936035
2023-04-11,35.67270278930664,85.61000061035156,5.065299987792969
2023-04-12,36.37158203125,87.33000183105469,5.004000186920166
2023-04-13,36.45145034790039,86.08999633789062,4.916900157928467
2023-04-14,36.62118148803711,86.30999755859375,4.926700115203857
2023-04-17,36.0920295715332,84.76000213623047,4.908699989318848
2023-04-18,35.24339294433594,84.7699966430664,4.939799785614014
2023-04-19,34.2449951171875,83.12000274658203,4.984300136566162
2023-04-20,33.94547653198242,81.0999984741211,5.0742998123168945
2023-04-21,33.94547653198242,81.66000366210938,5.047699928283691
2023-04-24,34.97382354736328,82.7300033569336,5.047900199890137
2023-04-25,34.59443664550781,80.7699966430664,5.033400058746338
2023-04-26,33.4462776184082,77.69000244140625,5.053100109100342
2023-04-27,33.586055755615234,78.37000274658203,5.043000221252441
2023-04-28,34.69427490234375,79.54000091552734,4.976200103759766
2023-05-01,34.69427490234375,79.30999755859375,4.986000061035156
2023-05-02,33.46624755859375,75.31999969482422,4.9878997802734375
2023-05-03,34.04531478881836,72.33000183105469,5.038400173187256
2023-05-04,32.64756393432617,72.5,4.9944000244140625
2023-05-05,34.23501205444336,75.30000305175781,4.982600212097168
2023-05-08,34.45465850830078,77.01000213623047,4.951700210571289
2023-05-09,34.554500579833984,77.44000244140625,5.007999897003174
2023-05-10,34.59443664550781,76.41000366210938,4.985899925231934
2023-05-11,34.764163970947266,74.9800033569336,4.94290018081665
2023-05-12,34.44467544555664,74.16999816894531,4.929500102996826
2023-05-15,34.41472625732422,75.2300033569336,4.920199871063232
2023-05-16,34.44467544555664,74.91000366210938,4.887899875640869
2023-05-17,36.44146728515625,76.95999908447266,4.9394001960754395
2023-05-18,36.29170608520508,75.86000061035156,4.937699794769287
2023-05-19,36.91071701049805,75.58000183105469,4.964399814605713
2023-05-22,36.13196563720703,75.98999786376953,4.996799945831299
2023-05-23,36.102012634277344,76.83999633789062,4.966100215911865
2023-05-24,35.89235305786133,78.36000061035156,4.971199989318848
2023-05-25,35.5728645324707,76.26000213623047,4.958600044250488
2023-05-26,35.293312072753906,76.94999694824219,5.035200119018555
2023-05-29,35.06367874145508,76.94999694824219,4.992800235748291
2023-05-30,34.07527160644531,73.54000091552734,5.018099784851074
2023-05-31,34.135169982910156,72.66000366210938,5.034800052642822
2023-06-01,34.115203857421875,74.27999877929688,5.054800033569336
2023-06-02,35.26335906982422,76.12999725341797,5.0131001472473145
2023-06-05,35.293312072753906,76.70999908447266,4.956600189208984
2023-06-06,34.22502899169922,76.29000091552734,4.925600051879883
2023-06-07,34.73421096801758,76.94999694824219,4.9120001792907715
2023-06-08,34.73421096801758,75.95999908447266,4.922399997711182
2023-06-09,34.424705505371094,74.79000091552734,4.922100067138672
2023-06-12,33.086856842041016,71.83999633789062,4.877900123596191
2023-06-13,34.28493118286133,74.29000091552734,4.860599994659424
2023-06-14,35.34323501586914,73.19999694824219,4.861000061035156
2023-06-15,35.542911529541016,75.66999816894531,4.815000057220459
2023-06-16,36.21183776855469,76.61000061035156,4.809199810028076
2023-06-19,36.002174377441406,76.61000061035156,4.807000160217285
2023-06-20,36.102012634277344,75.9000015258789,4.776899814605713
2023-06-21,38.60798645019531,77.12000274658203,4.789299964904785
2023-06-22,38.238582611083984,74.13999938964844,4.76230001449585
2023-06-23,38.14872360229492,73.8499984741211,4.7697367668151855
2023-06-26,36.9806022644043,74.18000030517578,4.7855000495910645
2023-06-27,35.742591857910156,72.26000213623047,4.767300128936768
2023-06-28,36.08204650878906,74.02999877929688,4.810500144958496
2023-06-29,36.231807708740234,74.33999633789062,4.850500106811523
2023-06-30,37.020538330078125,74.9000015258789,4.855599880218506
2023-07-03,37.35999298095703,74.6500015258789,4.784200191497803
2023-07-04,37.979000091552734,74.6500015258789,4.80649995803833
2023-07-05,38.558067321777344,76.6500015258789,4.839900016784668
2023-07-06,38.08882522583008,76.5199966430664,4.8471999168396
2023-07-07,39.286895751953125,78.47000122070312,4.918700218200684
2023-07-10,39.426673889160156,77.69000244140625,4.8709001541137695
2023-07-11,40.634735107421875,79.4000015258789,4.898200035095215
2023-07-12,41.483367919921875,80.11000061035156,4.851500034332275
2023-07-13,42.82122039794922,81.36000061035156,4.81689977645874
2023-07-14,41.45341873168945,79.87000274658203,4.7947998046875
2023-07-17,41.922664642333984,78.5,4.788099765777588
2023-07-18,43.110755920410156,79.62999725341797,4.805799961090088
2023-07-19,44.069217681884766,79.45999908447266,4.809299945831299
2023-07-20,44.129119873046875,79.63999938964844,4.789899826049805
2023-07-21,45.097564697265625,81.06999969482422,4.796899795532227
2023-07-24,46.0959587097168,82.73999786376953,4.777400016784668
2023-07-25,44.887901306152344,83.63999938964844,4.725500106811523
2023-07-26,45.51689147949219,82.91999816894531,4.748899936676025
2023-07-27,45.01769256591797,84.23999786376953,4.736199855804443
2023-07-28,45.087581634521484,84.98999786376953,4.741600036621094
2023-07-31,45.54684066772461,85.55999755859375,4.723299980163574
2023-08-01,45.72655487060547,84.91000366210938,4.724699974060059
2023-08-02,45.17743682861328,83.19999694824219,4.791999816894531
2023-08-03,47.084373474121094,85.13999938964844,4.810400009155273
2023-08-04,47.493717193603516,86.23999786376953,4.916399955749512
2023-08-07,47.733333587646484,85.33999633789062,4.88539981842041
2023-08-08,47.78325271606445,86.16999816894531,4.89900016784668
2023-08-09,48.0428352355957,87.55000305175781,4.898600101470947
2023-08-10,47.30402374267578,86.4000015258789,4.901700019836426
2023-08-11,48.28245162963867,86.80999755859375,4.891499996185303
2023-08-14,48.512081146240234,86.20999908447266,4.910999774932861
2023-08-15,46.74491882324219,84.88999938964844,4.962100028991699
2023-08-16,45.90626525878906,83.44999694824219,4.9832000732421875
2023-08-17,45.307228088378906,84.12000274658203,4.9868998527526855
2023-08-18,45.097564697265625,84.80000305175781,4.975500106811523
2023-08-21,44.67823791503906,84.45999908447266,4.966899871826172
2023-08-22,45.02767562866211,84.02999877929688,4.978700160980225
2023-08-23,45.77647399902344,83.20999908447266,4.937099933624268
2023-08-24,45.986141204833984,83.36000061035156,4.855100154876709
2023-08-25,46.315608978271484,84.4800033569336,4.880300045013428
2023-08-28,46.61512756347656,84.41999816894531,4.8703999519348145
2023-08-29,45.77647399902344,85.48999786376953,4.872600078582764
2023-08-30,45.736541748046875,85.86000061035156,4.85129976272583
2023-08-31,46.345558166503906,86.86000061035156,4.888400077819824
2023-09-01,46.87471008300781,88.55000305175781,4.953800201416016
2023-09-04,46.535255432128906,88.55000305175781,4.97629976272583
2023-09-05,47.41384506225586,90.04000091552734,4.936200141906738
2023-09-06,46.714969635009766,90.5999984741211,4.966700077056885
2023-09-07,46.714969635009766,89.91999816894531,4.9770002365112305
2023-09-08,47.41384506225586,90.6500015258789,4.976099967956543
2023-09-11,47.63349151611328,90.63999938964844,4.982999801635742
2023-09-12,48.03285217285156,92.05999755859375,4.9293999671936035
2023-09-13,48.12270736694336,91.87999725341797,4.946599960327148
2023-09-14,49.171024322509766,93.69999694824219,4.91540002822876
2023-09-15,49.32078170776367,93.93000030517578,4.868199825286865
2023-09-18,48.08277130126953,94.43000030517578,4.867000102996826
2023-09-19,48.63188934326172,94.33999633789062,4.853700160980225
2023-09-20,48.63188934326172,93.52999877929688,4.865799903869629
2023-09-21,46.36552810668945,93.30000305175781,4.878799915313721
2023-09-22,46.68501281738281,93.2699966430664,4.934899806976318
2023-09-25,46.9046630859375,93.29000091552734,4.933899879455566
2023-09-26,46.85474395751953,93.95999908447266,4.968299865722656
2023-09-27,48.2225456237793,96.55000305175781,4.986199855804443
2023-09-28,47.16424560546875,95.37999725341797,5.042200088500977
2023-09-29,46.964569091796875,95.30999755859375,5.032800197601318
2023-10-02,45.32719802856445,90.70999908447266,5.042799949645996
2023-10-03,45.097564697265625,90.91999816894531,5.061500072479248
2023-10-04,43.82960510253906,85.80999755859375,5.166299819946289
2023-10-05,43.6399040222168,84.06999969482422,5.154600143432617
2023-10-06,44.46857452392578,84.58000183105469,5.164999961853027
2023-10-09,48.37230682373047,88.1500015258789,5.145699977874756
2023-10-10,48.17262649536133,87.6500015258789,5.135200023651123
2023-10-11,47.52366638183594,85.81999969482422,5.051000118255615
2023-10-12,47.52366638183594,86.0,5.049600124359131
2023-10-13,49.91981887817383,90.88999938964844,5.045899868011475
2023-10-16,49.72013854980469,89.6500015258789,5.0482001304626465
2023-10-17,50.11949920654297,89.9000015258789,5.037600040435791
2023-10-18,50.11949920654297,91.5,5.037399768829346
2023-10-19,49.949771881103516,92.37999725341797,5.056099891662598
2023-10-20,49.62030029296875,92.16000366210938,5.062900066375732
2023-10-23,48.761680603027344,89.83000183105469,5.031300067901611
2023-10-24,48.771663665771484,88.06999969482422,5.01230001449585
2023-10-25,48.28245162963867,90.12999725341797,4.991000175476074
2023-10-26,47.92302703857422,87.93000030517578,4.994699954986572
2023-10-27,47.693397521972656,90.4800033569336,4.985300064086914
2023-10-30,46.2856559753418,87.44999694824219,4.952030181884766
2023-10-31,47.62350845336914,87.41000366210938,5.04610013961792
2023-11-01,47.992916107177734,84.62999725341797,5.03410005569458
2023-11-02,47.992916107177734,86.8499984741211,4.953700065612793
2023-11-03,48.12270736694336,84.88999938964844,4.952899932861328
2023-11-06,47.93301010131836,85.18000030517578,4.899199962615967
2023-11-07,46.74491882324219,81.61000061035156,4.884099960327148
2023-11-08,45.407066345214844,79.54000091552734,4.871500015258789
2023-11-09,44.65827178955078,80.01000213623047,4.909299850463867
2023-11-10,46.39548110961914,81.43000030517578,4.933899879455566
2023-11-13,46.22575378417969,82.5199966430664,4.893379211425781
2023-11-14,46.914649963378906,82.47000122070312,4.906199932098389
2023-11-15,46.914649963378906,81.18000030517578,4.864500045776367
2023-11-16,45.25730895996094,77.41999816894531,4.860899925231934
2023-11-17,46.40546417236328,80.61000061035156,4.862199783325195
2023-11-20,47.45378112792969,82.31999969482422,4.819177150726318
2023-11-21,47.90305709838867,82.44999694824219,4.851799964904785
2023-11-22,47.16424560546875,81.95999908447266,4.8993000984191895
2023-11-23,47.16424560546875,81.37000274658203,4.9054999351501465
2023-11-24,47.13429260253906,80.58000183105469,4.902500152587891
2023-11-27,46.14588165283203,79.9800033569336,4.900899887084961
2023-11-28,46.016090393066406,81.68000030517578,4.895500183105469
2023-11-29,45.83638000488281,83.0999984741211,4.869800090789795
2023-11-30,45.856346130371094,82.83000183105469,4.904099941253662
2023-12-01,44.49852752685547,78.87999725341797,4.923099994659424
2023-12-04,44.14908981323242,78.02999877929688,4.902159214019775
2023-12-05,43.090789794921875,77.19999694824219,4.9430999755859375
2023-12-06,41.3735466003418,74.30000305175781,4.927700042724609
2023-12-07,42.35197448730469,74.05000305175781,4.901199817657471
2023-12-08,44.47855758666992,75.83999633789062,4.910099983215332
2023-12-11,44.60835266113281,76.02999877929688,4.893286228179932
2023-12-12,43.72976303100586,73.23999786376953,4.936699867248535
2023-12-13,45.22735595703125,74.26000213623047,4.9644999504089355
2023-12-14,47.279998779296875,76.61000061035156,4.918399810791016
2023-12-15,46.25,76.55000305175781,4.914599895477295
2023-12-18,46.099998474121094,77.94999694824219,4.919657230377197
2023-12-19,46.709999084472656,79.2300033569336,4.895899772644043
2023-12-20,45.540000915527344,79.69999694824219,4.866499900817871
2023-12-21,45.15999984741211,79.38999938964844,4.914599895477295
2023-12-22,45.369998931884766,79.06999969482422,4.881800174713135
2023-12-25,45.369998931884766,79.06999969482422,4.86984395980835
2023-12-26,45.91999816894531,81.06999969482422,4.869743824005127
2023-12-27,45.939998626708984,79.6500015258789,4.813499927520752
2023-12-28,46.04999923706055,78.38999938964844,4.826099872589111
2023-12-29,46.04999923706055,77.04000091552734,4.850200176239014
2024-01-01,46.04999923706055,77.04000091552734,4.850500106811523
2024-01-02,45.349998474121094,75.88999938964844,4.852399826049805
2024-01-03,46.880001068115234,78.25,4.922500133514404
2024-01-04,46.41999816894531,77.58999633789062,4.9191999435424805
2024-01-05,46.08000183105469,78.76000213623047,4.895599842071533
2024-01-08,45.75,76.12000274658203,4.8606672286987305
2024-01-09,46.279998779296875,77.58999633789062,4.86899995803833
2024-01-10,44.349998474121094,76.80000305175781,4.905099868774414
2024-01-11,45.5,77.41000366210938,4.89139986038208
2024-01-12,46.08000183105469,78.29000091552734,4.869699954986572
2024-01-15,47.06999969482422,78.29000091552734,4.85290002822876
2024-01-16,45.880001068115234,78.29000091552734,4.862199783325195
2024-01-17,45.04999923706055,77.87999725341797,4.924900054931641
2024-01-18,44.7599983215332,79.0999984741211,4.934000015258789
2024-01-19,44.61000061035156,78.55999755859375,4.92609977722168
2024-01-22,44.15999984741211,80.05999755859375,4.904642105102539
2024-01-23,44.33000183105469,79.55000305175781,4.98829984664917
2024-01-24,44.599998474121094,80.04000091552734,4.952199935913086
2024-01-25,44.79999923706055,82.43000030517578,4.932499885559082
2024-01-26,45.689998626708984,83.55000305175781,4.915800094604492
2024-01-29,44.7599983215332,82.4000015258789,4.913599967956543
2024-01-30,44.09000015258789,82.87000274658203,4.950200080871582
2024-01-31,43.93000030517578,81.70999908447266,4.950300216674805
2024-02-01,43.150001525878906,78.69999694824219,4.951900005340576
2024-02-02,42.45000076293945,77.33000183105469,4.914999961853027
2024-02-05,42.04999923706055,77.98999786376953,4.932938098907471
2024-02-06,43.599998474121094,78.58999633789062,4.9499430656433105
2024-02-07,43.970001220703125,79.20999908447266,4.962299823760986
2024-02-08,43.400001525878906,81.62999725341797,4.969299793243408
2024-02-09,42.36000061035156,82.19000244140625,4.9918999671936035
2024-02-12,42.36000061035156,82.0,4.953100204467773
2024-02-13,42.36000061035156,82.7699966430664,4.952199935913086
2024-02-14,42.54999923706055,81.5999984741211,4.952000141143799
2024-02-15,44.56999969482422,82.86000061035156,4.968299865722656
2024-02-16,45.400001525878906,83.47000122070312,4.972400188446045
2024-02-19,45.88999938964844,83.47000122070312,4.965099811553955
2024-02-20,46.119998931884766,82.33999633789062,4.956399917602539
2024-02-21,47.0,83.02999877929688,4.926400184631348
2024-02-22,46.95000076293945,83.66999816894531,4.934899806976318
2024-02-23,45.79999923706055,81.62000274658203,4.962399959564209
2024-02-26,45.86000061035156,82.52999877929688,4.993500232696533
2024-02-27,45.400001525878906,83.6500015258789,4.978899955749512
2024-02-28,44.5,83.68000030517578,4.932400226593018
2024-02-29,43.709999084472656,83.62000274658203,4.967299938201904
2024-03-01,44.349998474121094,83.55000305175781,4.969799995422363
2024-03-04,44.11000061035156,82.80000305175781,4.952700138092041
2024-03-05,44.31999969482422,82.04000091552734,4.944900035858154
2024-03-06,43.63999938964844,82.95999908447266,4.957099914550781
2024-03-07,43.349998474121094,82.95999908447266,4.943600177764893
2024-03-08,44.70000076293945,82.08000183105469,4.933800220489502
2024-03-11,44.900001525878906,82.20999908447266,4.977540016174316
2024-03-12,47.5,81.91999816894531,4.977399826049805
2024-03-13,48.91999816894531,84.02999877929688,4.968699932098389
2024-03-14,48.599998474121094,85.41999816894531,4.969200134277344
2024-03-15,47.79999923706055,85.33999633789062,4.992700099945068
2024-03-18,47.7599983215332,86.88999938964844,4.968047142028809
2024-03-19,49.209999084472656,87.37999725341797,5.029399871826172
2024-03-20,47.45000076293945,85.94999694824219,5.03000020980835
2024-03-21,47.099998474121094,85.77999877929688,4.96619987487793
2024-03-22,46.689998626708984,85.43000030517578,4.9745001792907715
2024-03-25,47.66999816894531,86.75,5.000899791717529
2024-03-26,47.290000915527344,86.25,4.9721999168396
2024-03-27,47.08000183105469,86.08999633789062,4.9756999015808105
2024-03-28,48.7400016784668,87.4800033569336,4.990300178527832
2024-03-29,48.7400016784668,87.4800033569336,5.014100074768066
2024-04-01,48.38999938964844,87.41999816894531,5.013199806213379
2024-04-02,49.04999923706055,88.91999816894531,5.053599834442139
2024-04-03,49.38999938964844,89.3499984741211,5.0644001960754395
2024-04-04,50.04999923706055,90.6500015258789,5.038599967956543
2024-04-05,50.45000076293945,91.16999816894531,5.057400226593018
2024-04-08,49.65999984741211,90.37999725341797,5.054900169372559
2024-04-09,49.84000015258789,89.41999816894531,5.023900032043457
2024-04-10,50.189998626708984,90.4800033569336,5.007599830627441
2024-04-11,49.79999923706055,89.73999786376953,5.066199779510498
2024-04-12,50.86000061035156,90.44999694824219,5.090400218963623
2024-04-15,50.099998474121094,90.0999984741211,5.117099761962891
2024-04-16,49.79999923706055,90.0199966430664,5.183700084686279
2024-04-17,48.72999954223633,87.29000091552734,5.2855000495910645
2024-04-18,49.2400016784668,87.11000061035156,5.232600212097168
2024-04-19,48.79999923706055,87.29000091552734,5.241700172424316
2024-04-22,48.0,87.0,5.206200122833252
2024-04-23,49.18000030517578,88.41999816894531,5.1656999588012695
2024-04-24,48.43000030517578,88.0199966430664,5.130499839782715
2024-04-25,49.38999938964844,89.01000213623047,5.145500183105469
2024-04-26,49.25,89.5,5.158599853515625
2024-04-29,49.560001373291016,88.4000015258789,5.115499973297119
2024-04-30,48.0,87.86000061035156,5.117000102996826
2024-05-01,48.0,83.44000244140625,5.193900108337402
2024-05-02,47.41999816894531,83.66999816894531,5.194399833679199
2024-05-03,46.75,82.95999908447266,5.110300064086914
2024-05-06,47.189998626708984,83.33000183105469,5.070899963378906
2024-05-07,47.16999816894531,83.16000366210938,5.074900150299072
2024-05-08,46.540000915527344,83.58000183105469,5.073299884796143
2024-05-09,46.779998779296875,83.87999725341797,5.087900161743164
2024-05-10,47.0,82.79000091552734,5.1407999992370605
2024-05-13,46.400001525878906,83.36000061035156,5.123260021209717
2024-05-14,45.90999984741211,82.37999725341797,5.154200077056885
2024-05-15,47.0,82.75,5.127799987792969
2024-05-16,47.61000061035156,83.2699966430664,5.133600234985352
2024-05-17,48.119998931884766,83.9800033569336,5.128600120544434
2024-05-20,47.5,83.70999908447266,5.1020002365112305
2024-05-21,45.849998474121094,82.87999725341797,5.103099822998047
2024-05-22,44.209999084472656,81.9000015258789,5.1219000816345215
2024-05-23,44.470001220703125,81.36000061035156,5.151100158691406
2024-05-24,43.45000076293945,82.12000274658203,5.143099784851074
2024-05-27,43.66999816894531,82.12000274658203,5.1697998046875
2024-05-28,43.15999984741211,84.22000122070312,5.1717000007629395
2024-05-29,42.43000030517578,83.5999984741211,5.161300182342529
2024-05-30,42.43000030517578,81.86000061035156,5.202099800109863
2024-05-31,41.61000061035156,81.62000274658203,5.202099800109863
2024-06-03,41.16999816894531,78.36000061035156,5.2444000244140625
2024-06-04,40.88999938964844,77.5199966430664,5.249000072479248
2024-06-05,40.13999938964844,78.41000366210938,5.287700176239014
2024-06-06,40.16999816894531,79.87000274658203,5.3003997802734375
2024-06-07,39.91999816894531,79.62000274658203,5.2571001052856445
2024-06-10,40.79999923706055,81.62999725341797,5.270441055297852
2024-06-11,42.54999923706055,81.91999816894531,5.352799892425537
2024-06-12,42.689998626708984,82.5999984741211,5.3649001121521
2024-06-13,41.86000061035156,82.75,5.401000022888184
2024-06-14,42.0099983215332,82.62000274658203,5.361599922180176
2024-06-17,41.720001220703125,84.25,5.3572001457214355
2024-06-18,41.25,85.33000183105469,5.423999786376953
2024-06-19,41.310001373291016,85.33000183105469,5.439899921417236
2024-06-20,40.95000076293945,85.70999908447266,5.422399997711182
2024-06-21,41.33000183105469,85.23999786376953,5.452400207519531
2024-06-24,42.08000183105469,86.01000213623047,5.426126003265381
2024-06-25,42.02000045776367,85.01000213623047,5.3892998695373535
2024-06-26,43.02000045776367,85.25,5.450699806213379
2024-06-27,43.18000030517578,86.38999938964844,5.522500038146973
2024-06-28,43.7599983215332,86.41000366210938,5.500500202178955
2024-07-01,45.099998474121094,86.5999984741211,5.591899871826172
2024-07-02,45.7400016784668,86.23999786376953,5.65500020980835
2024-07-03,46.09000015258789,87.33999633789062,5.67549991607666
2024-07-04,46.400001525878906,87.33999633789062,5.5553998947143555
2024-07-05,46.54999923706055,86.54000091552734,5.486400127410889
2024-07-08,45.349998474121094,85.75,5.471290111541748
2024-07-09,45.40999984741211,84.66000366210938,5.470399856567383
2024-07-10,45.470001220703125,85.08000183105469,5.417099952697754
2024-07-11,45.36000061035156,85.4000015258789,5.414700031280518
2024-07-12,45.59000015258789,85.02999877929688,5.438000202178955
2024-07-15,46.52000045776367,84.8499984741211,5.422800064086914
2024-07-16,45.45000076293945,83.7300033569336,5.446800231933594
2024-07-17,46.16999816894531,85.08000183105469,5.424300193786621
2024-07-18,45.470001220703125,85.11000061035156,5.48769998550415
2024-07-19,45.290000915527344,82.62999725341797,5.5432000160217285
2024-07-22,44.689998626708984,82.4000015258789,5.520872116088867
2024-07-23,43.79999923706055,81.01000213623047,5.570700168609619
2024-07-24,46.0,81.70999908447266,5.585299968719482
2024-07-25,45.81999969482422,82.37000274658203,5.653600215911865
2024-07-26,47.5,81.12999725341797,5.643099784851074
2024-07-29,47.18000030517578,79.77999877929688,5.622840881347656
2024-07-30,47.040000915527344,78.62999725341797,5.614500045776367
2024-07-31,48.04999923706055,80.72000122070312,5.611100196838379
2024-08-01,47.9900016784668,79.5199966430664,5.656599998474121
2024-08-02,46.0099983215332,76.80999755859375,5.7505998611450195
2024-08-05,44.66999816894531,76.30000305175781,5.7266998291015625
2024-08-06,43.25,76.4800033569336,5.720900058746338
2024-08-07,45.06999969482422,78.33000183105469,5.6554999351501465
2024-08-08,46.36000061035156,79.16000366210938,5.635799884796143
2024-08-09,47.83000183105469,79.66000366210938,5.54610013961792
2024-08-12,48.599998474121094,82.30000305175781,5.50629997253418
2024-08-13,49.130001068115234,80.69000244140625,5.4918999671936035
2024-08-14,49.599998474121094,79.76000213623047,5.455699920654297
2024-08-15,48.91999816894531,81.04000091552734,5.468900203704834
2024-08-16,49.20000076293945,79.68000030517578,5.484899997711182
2024-08-19,47.88999938964844,77.66000366210938,5.47130012512207
2024-08-20,47.83000183105469,77.19999694824219,5.405600070953369
2024-08-21,46.849998474121094,76.05000305175781,5.478099822998047
2024-08-22,46.86000061035156,77.22000122070312,5.482500076293945
2024-08-23,47.04999923706055,79.0199966430664,5.59089994430542
2024-08-26,47.25,81.43000030517578,5.485400199890137
2024-08-27,47.7400016784668,79.55000305175781,5.495699882507324
2024-08-28,47.36000061035156,78.6500015258789,5.507900238037109
2024-08-29,46.72999954223633,79.94000244140625,5.56220006942749
2024-08-30,46.84000015258789,78.80000305175781,5.627699851989746
2024-09-02,46.709999084472656,78.80000305175781,5.6092000007629395
2024-09-03,44.29999923706055,73.75,5.615099906921387
2024-09-04,43.720001220703125,72.69999694824219,5.647500038146973
2024-09-05,43.52000045776367,72.69000244140625,5.642000198364258
2024-09-06,42.459999084472656,71.05999755859375,5.567500114440918
2024-09-09,41.959999084472656,71.83999633789062,5.59660005569458
2024-09-10,42.20000076293945,69.19000244140625,5.5843000411987305
2024-09-11,42.529998779296875,70.61000061035156,5.662899971008301
2024-09-12,42.279998779296875,71.97000122070312,5.667399883270264
2024-09-13,43.310001373291016,71.61000061035156,5.625699996948242
2024-09-16,42.7400016784668,72.75,5.612370014190674
2024-09-17,43.36000061035156,73.69999694824219,5.503900051116943
2024-09-18,43.189998626708984,73.6500015258789,5.4816999435424805
2024-09-19,44.0099983215332,74.87999725341797,5.460999965667725
2024-09-20,44.20000076293945,74.48999786376953,5.423900127410889
2024-09-23,44.58000183105469,73.9000015258789,5.513599872589111
2024-09-24,46.540000915527344,75.16999816894531,5.536099910736084
2024-09-25,44.810001373291016,73.45999908447266,5.449699878692627
2024-09-26,42.63999938964844,71.5999984741211,5.473800182342529
2024-09-27,43.58000183105469,71.9800033569336,5.436699867248535
2024-09-30,43.33000183105469,71.7699966430664,5.433199882507324
2024-10-01,44.2599983215332,73.55999755859375,5.448500156402588
2024-10-02,44.119998931884766,73.9000015258789,5.423999786376953
2024-10-03,44.61000061035156,77.62000274658203,5.440299987792969
2024-10-04,44.810001373291016,78.05000305175781,5.47629976272583
2024-10-07,45.529998779296875,80.93000030517578,5.4542999267578125
2024-10-08,44.11000061035156,77.18000030517578,5.494200229644775
2024-10-09,43.70000076293945,76.58000183105469,5.5346999168396
2024-10-10,44.880001068115234,79.4000015258789,5.596099853515625
2024-10-11,44.2599983215332,79.04000091552734,5.581699848175049
2024-10-14,43.43000030517578,77.45999908447266,5.610599994659424
2024-10-15,43.29999923706055,74.25,5.594699859619141
2024-10-16,42.77000045776367,74.22000122070312,5.6519999504089355
2024-10-17,42.70000076293945,74.44999694824219,5.668000221252441
2024-10-18,42.18000030517578,73.05999755859375,5.651800155639648
2024-10-21,41.91999816894531,74.29000091552734,5.635900020599365
2024-10-22,41.61000061035156,76.04000091552734,5.6880998611450195
2024-10-23,41.20000076293945,74.95999908447266,5.689300060272217
2024-10-24,41.959999084472656,74.37999725341797,5.686500072479248
2024-10-25,41.650001525878906,76.05000305175781,5.664000034332275
2024-10-28,40.95000076293945,71.41999816894531,5.685812950134277
2024-10-29,40.5,71.12000274658203,5.71019983291626
2024-10-30,41.209999084472656,72.55000305175781,5.760000228881836
2024-10-31,40.97999954223633,73.16000366210938,5.76230001449585
2024-11-01,39.849998474121094,73.0999984741211,5.789400100708008
2024-11-04,40.880001068115234,75.08000183105469,5.677525997161865
2024-11-05,40.33000183105469,75.52999877929688,5.790599822998047
2024-11-06,40.88999938964844,74.91999816894531,5.739799976348877
2024-11-07,39.90999984741211,75.62999725341797,5.674799919128418
2024-11-08,38.970001220703125,73.87000274658203,5.690999984741211
2024-11-11,39.310001373291016,71.83000183105469,5.736400127410889
2024-11-12,39.20000076293945,71.88999938964844,5.75540018081665
2024-11-13,39.349998474121094,72.27999877929688,5.748199939727783
2024-11-14,39.70000076293945,72.55999755859375,5.8059000968933105
2024-11-15,39.70000076293945,71.04000091552734,5.788300037384033
2024-11-18,40.20000076293945,73.30000305175781,5.794600009918213
2024-11-19,39.77000045776367,73.30999755859375,5.746399879455566
2024-11-20,39.77000045776367,72.80999755859375,5.7718000411987305
2024-11-21,39.130001068115234,74.2300033569336,5.770699977874756
2024-11-22,40.400001525878906,75.16999816894531,5.8140997886657715
2024-11-25,39.849998474121094,73.01000213623047,5.799300193786621
2024-11-26,39.849998474121094,72.80999755859375,5.7972002029418945
2024-11-27,39.56999969482422,72.83000183105469,5.809599876403809
2024-11-28,39.470001220703125,72.83000183105469,5.937399864196777
2024-11-29,40.13999938964844,72.94000244140625,6.013899803161621
2024-12-02,40.0,71.83000183105469,5.973199844360352
2024-12-03,40.810001373291016,73.62000274658203,6.05679988861084
2024-12-04,39.709999084472656,72.30999755859375,6.043099880218506
2024-12-05,40.65999984741211,72.08999633789062,6.03879976272583
2024-12-06,39.70000076293945,71.12000274658203,6.010300159454346
2024-12-09,39.900001525878906,72.13999938964844,6.0883002281188965
2024-12-10,40.04999923706055,72.19000244140625,6.076600074768066
2024-12-11,41.9900016784668,73.5199966430664,6.045300006866455
2024-12-12,41.04999923706055,73.41000366210938,5.952700138092041
2024-12-13,41.5,74.48999786376953,5.996099948883057
2024-12-16,41.150001525878906,73.91000366210938,6.040900230407715
2024-12-17,41.31999969482422,73.19000244140625,6.147299766540527
2024-12-18,39.91999816894531,73.38999938964844,6.1031999588012695
2024-12-19,39.68000030517578,72.87999725341797,6.288899898529053
2024-12-20,40.27000045776367,72.94000244140625,6.151599884033203
2024-12-23,39.25,72.62999725341797,6.084199905395508
2024-12-24,39.25,73.58000183105469,6.193900108337402
2024-12-25,39.25,73.58000183105469,6.175600051879883
2024-12-26,39.900001525878906,73.26000213623047,6.182799816131592
2024-12-27,39.90999984741211,74.16999816894531,6.148499965667725
2024-12-30,40.150001525878906,74.38999938964844,6.193699836730957
2024-12-31,40.150001525878906,74.63999938964844,6.1778998374938965
2025-01-02,40.77000045776367,75.93000030517578,6.300000190734863
2025-01-03,40.619998931884766,76.51000213623047,6.151000022888184
2025-01-06,40.97999954223633,76.30000305175781,6.180699825286865
2025-01-07,41.630001068115234,77.05000305175781,6.115499973297119
2025-01-08,41.400001525878906,76.16000366210938,6.100900173187256
2025-01-09,41.959999084472656,76.91999816894531,6.105800151824951
2025-01-10,42.630001068115234,79.76000213623047,6.034599781036377
2025-01-13,42.529998779296875,81.01000213623047,6.105899810791016
2025-01-14,42.20000076293945,79.91999816894531,6.093400001525879
2025-01-15,43.0,82.02999877929688,6.054800033569336
2025-01-16,41.970001220703125,81.29000091552734,6.012199878692627
2025-01-17,42.709999084472656,80.79000091552734,6.049900054931641
2025-01-20,42.689998626708984,80.79000091552734,6.066163063049316
2025-01-21,42.720001220703125,79.29000091552734,6.029799938201904
2025-01-22,42.45000076293945,79.0,6.020500183105469
2025-01-23,41.47999954223633,78.29000091552734,5.940299987792969
2025-01-24,41.150001525878906,78.5,5.923999786376953
2025-01-27,42.099998474121094,77.08000183105469,5.90910005569458
2025-01-28,41.380001068115234,77.48999786376953,5.892600059509277
2025-01-29,40.41999816894531,76.58000183105469,5.856100082397461
2025-01-30,41.459999084472656,76.87000274658203,5.8566999435424805
2025-01-31,40.9900016784668,76.76000213623047,5.874499797821045
2025-02-03,41.22999954223633,75.95999908447266,5.84060001373291
2025-02-04,41.22999954223633,76.19999694824219,5.80620002746582
2025-02-05,40.34000015258789,74.61000061035156,5.7571001052856445
2025-02-06,40.56999969482422,74.29000091552734,5.8028998374938965
2025-02-07,39.619998931884766,74.66000366210938,5.760499954223633
2025-02-10,40.0,75.87000274658203,5.803199768066406
2025-02-11,40.29999923706055,77.0,5.786900043487549
2025-02-12,39.5099983215332,75.18000030517578,5.764500141143799
2025-02-13,38.88999938964844,75.0199966430664,5.764400005340576
2025-02-14,39.43000030517578,74.73999786376953,5.766900062561035
2025-02-17,39.119998931884766,74.73999786376953,5.701200008392334
2025-02-18,39.0,75.83999633789062,5.712100028991699
2025-02-19,39.0099983215332,76.04000091552734,5.688600063323975
2025-02-20,38.529998779296875,76.4800033569336,5.720300197601318
2025-02-21,37.70000076293945,74.43000030517578,5.701300144195557
2025-02-24,36.72999954223633,74.77999877929688,5.730999946594238
2025-02-25,36.65999984741211,73.0199966430664,5.7778000831604
2025-02-26,36.16999816894531,72.52999877929688,5.740300178527832
2025-02-27,38.20000076293945,74.04000091552734,5.801700115203857
2025-02-28,38.16999816894531,73.18000030517578,5.839000225067139
2025-03-03,38.16999816894531,71.62000274658203,5.88040018081665
2025-03-04,38.16999816894531,71.04000091552734,6.020500183105469
2025-03-05,37.369998931884766,69.30000305175781,5.885700225830078
2025-03-06,37.47999954223633,69.45999908447266,5.740099906921387
2025-03-07,38.31999969482422,70.36000061035156,5.763000011444092
2025-03-10,37.529998779296875,69.27999877929688,5.782899856567383
2025-03-11,37.15999984741211,69.55999755859375,5.85290002822876
2025-03-12,36.880001068115234,70.94999694824219,5.808599948883057
2025-03-13,36.5,69.87999725341797,5.797800064086914
2025-03-14,39.349998474121094,70.58000183105469,5.798500061035156
2025-03-17,39.70000076293945,71.06999969482422,5.740600109100342
2025-03-18,39.650001525878906,70.55999755859375,5.678069114685059
2025-03-19,39.27000045776367,70.77999877929688,5.672100067138672
2025-03-20,39.279998779296875,72.0,5.648099899291992
2025-03-21,39.060001373291016,72.16000366210938,5.673900127410889
2025-03-24,39.5,73.0,5.729599952697754
2025-03-25,39.09000015258789,73.0199966430664,5.760799884796143
2025-03-26,40.619998931884766,73.79000091552734,5.698400020599365
2025-03-27,40.65999984741211,74.02999877929688,5.733500003814697
2025-03-28,40.13999938964844,73.62999725341797,5.739299774169922
2025-03-31,39.79999923706055,74.73999786376953,5.7581000328063965
2025-04-01,40.060001373291016,74.48999786376953,5.698400020599365
2025-04-02,39.58000183105469,74.94999694824219,5.681300163269043
2025-04-03,36.83000183105469,70.13999938964844,5.663700103759766
2025-04-04,33.900001525878906,65.58000183105469,5.6305999755859375
2025-04-07,34.5099983215332,64.20999908447266,5.840030193328857
2025-04-08,33.81999969482422,62.81999969482422,5.913599967956543
2025-04-09,35.79999923706055,65.4800033569336,6.013299942016602
2025-04-10,32.88999938964844,63.33000183105469,5.8180999755859375
2025-04-11,34.33000183105469,64.76000213623047,5.884300231933594
2025-04-14,33.81999969482422,64.87999725341797,5.864200115203857
2025-04-15,33.029998779296875,64.66999816894531,5.8541998863220215
2025-04-16,33.400001525878906,65.8499984741211,5.8846001625061035
2025-04-17,34.560001373291016,67.95999908447266,5.8653998374938965
2025-04-21,34.560001373291016,66.26000213623047,5.8653998374938965
2025-04-22,34.58000183105469,67.44000244140625,5.80709981918335
2025-04-23,33.25,66.12000274658203,5.719900131225586
2025-04-24,34.5099983215332,66.55000305175781,5.703400135040283
2025-04-25,34.880001068115234,66.87000274658203,5.678699970245361
2025-04-28,33.810001373291016,65.86000061035156,5.684700012207031
2025-04-29,34.65999984741211,64.25,5.652900218963623
2025-04-30,33.709999084472656,63.119998931884766,5.619999885559082
2025-05-01,33.709999084472656,62.130001068115234,5.672900199890137
2025-05-02,36.43000030517578,61.290000915527344,5.67710018157959
2025-05-05,35.470001220703125,60.22999954223633,5.666900157928467
2025-05-06,36.970001220703125,62.150001525878906,5.686299800872803
2025-05-07,35.72999954223633,61.119998931884766,5.712800025939941
2025-05-08,36.65999984741211,62.84000015258789,5.74459981918335
2025-05-09,36.66999816894531,63.90999984741211,5.661600112915039
2025-05-12,38.560001373291016,64.95999908447266,5.648200035095215
2025-05-13,39.27000045776367,66.62999725341797,5.6697998046875
2025-05-14,39.20000076293945,66.08999633789062,5.60046911239624
2025-05-15,39.0,64.52999877929688,5.636499881744385
2025-05-16,39.43000030517578,65.41000366210938,5.681300163269043
2025-05-19,39.38999938964844,65.54000091552734,5.6586737632751465
2025-05-20,39.7400016784668,65.37999725341797,5.644499778747559
2025-05-21,39.75,64.91000366210938,5.667300224304199
2025-05-22,38.97999954223633,64.44000244140625,5.644700050354004
2025-05-23,38.79999923706055,64.77999877929688,5.71619987487793
2025-05-26,39.04999923706055,64.77999877929688,5.645199775695801
2025-05-27,39.40999984741211,64.08999633789062,5.666600227355957
2025-05-28,39.20000076293945,64.9000015258789,5.637400150299072
2025-05-29,40.0,64.1500015258789,5.688700199127197
2025-05-30,38.95000076293945,63.900001525878906,5.66510009765625
2025-06-02,39.7400016784668,64.62999725341797,5.720799922943115
2025-06-03,40.95000076293945,65.62999725341797,5.672399997711182
2025-06-04,40.900001525878906,64.86000061035156,5.637800216674805
2025-06-05,41.04999923706055,65.33999633789062,5.6321001052856445
2025-06-06,42.5099983215332,66.47000122070312,5.58459997177124
2025-06-09,42.150001525878906,67.04000091552734,5.562699794769287
2025-06-10,42.56999969482422,66.87000274658203,5.557000160217285
2025-06-11,43.310001373291016,69.7699966430664,5.5721001625061035
2025-06-12,43.220001220703125,69.36000061035156,5.535799980163574
2025-06-13,43.97999954223633,74.2300033569336,5.537300109863281
2025-06-16,43.18000030517578,73.2300033569336,5.538899898529053
2025-06-17,44.029998779296875,76.44999694824219,5.490799903869629
2025-06-18,43.70000076293945,76.69999694824219,5.493000030517578
2025-06-19,43.70000076293945,76.69999694824219,5.485199928283691
2025-06-20,43.560001373291016,77.01000213623047,5.489999771118164
2025-06-23,43.25,71.4800033569336,5.518400192260742
2025-06-24,41.560001373291016,67.13999938964844,5.493800163269043
2025-06-25,41.029998779296875,67.68000030517578,5.510300159454346
2025-06-26,41.849998474121094,67.7300033569336,5.5578999519348145
2025-06-27,41.869998931884766,67.7699966430664,5.477099895477295
2025-06-30,42.400001525878906,67.61000061035156,5.478400230407715
2025-07-01,41.79999923706055,67.11000061035156,5.430200099945068
2025-07-02,42.15999984741211,69.11000061035156,5.458799839019775
2025-07-03,42.58000183105469,68.80000305175781,5.426400184631348
2025-07-04,42.58000183105469,68.29000091552734,5.409299850463867
2025-07-07,41.7599983215332,69.58000183105469,5.419400215148926
2025-07-08,43.08000183105469,70.1500015258789,5.48769998550415
2025-07-09,42.56999969482422,70.19000244140625,5.446100234985352
2025-07-10,41.79999923706055,68.63999938964844,5.5817999839782715
2025-07-11,42.720001220703125,70.36000061035156,5.531099796295166
2025-07-14,42.900001525878906,69.20999908447266,5.571899890899658
2025-07-15,42.119998931884766,68.70999908447266,5.586999893188477
2025-07-16,42.38999938964844,68.5199966430664,5.5510029792785645
2025-07-17,43.29999923706055,69.5199966430664,5.5665998458862305
2025-07-18,43.290000915527344,69.27999877929688,5.546599864959717
2025-07-21,42.7599983215332,69.20999908447266,5.578100204467773
2025-07-22,42.58000183105469,68.58999633789062,5.565499782562256
2025-07-23,42.470001220703125,68.51000213623047,5.563899993896484
2025-07-24,42.29999923706055,69.18000030517578,5.51639986038208
2025-07-25,41.900001525878906,68.44000244140625,5.519999980926514
2025-07-28,41.47999954223633,70.04000091552734,5.565199851989746
2025-07-29,41.970001220703125,72.51000213623047,5.5868000984191895
2025-07-30,42.720001220703125,73.23999786376953,5.573200225830078
2025-07-31,42.189998626708984,72.52999877929688,5.575399875640869
2025-08-01,40.9900016784668,69.66999816894531,5.598800182342529
2025-08-04,40.47999954223633,68.76000213623047,5.537899971008301
2025-08-05,40.619998931884766,67.63999938964844,5.496099948883057
2025-08-06,39.790000915527344,66.88999938964844,5.502999782562256
2025-08-07,39.650001525878906,66.43000030517578,5.458899974822998
2025-08-08,39.540000915527344,66.58999633789062,5.414299964904785
2025-08-11,39.130001068115234,66.62999725341797,5.432300090789795
2025-08-12,39.27000045776367,66.12000274658203,5.442299842834473
2025-08-13,38.869998931884766,65.62999725341797,5.401199817657471
2025-08-14,38.79999923706055,66.83999633789062,5.391200065612793
2025-08-15,38.810001373291016,65.8499984741211,5.40910005569458
2025-08-18,37.59000015258789,66.5999984741211,5.400400161743164
2025-08-19,36.849998474121094,65.79000091552734,5.435699939727783
2025-08-20,37.29999923706055,66.83999633789062,5.497600078582764
2025-08-21,37.5,67.66999816894531,5.469161033630371
2025-08-22,38.04999923706055,67.7300033569336,5.464799880981445
2025-08-25,38.18000030517578,68.80000305175781,5.421299934387207
2025-08-26,37.72999954223633,67.22000122070312,5.4096999168396
2025-08-27,38.349998474121094,68.05000305175781,5.43120002746582
2025-08-28,38.58000183105469,68.62000274658203,5.417699813842773
2025-08-29,37.869998931884766,68.12000274658203,5.413000106811523
2025-09-01,37.970001220703125,68.12000274658203,5.432400226593018
2025-09-02,37.9900016784668,69.13999938964844,5.438399791717529
2025-09-03,37.5099983215332,67.5999984741211,5.4670000076293945
2025-09-04,37.31999969482422,66.98999786376953,5.4481000900268555
2025-09-05,36.54999923706055,65.5,5.443999767303467
2025-09-08,36.59000015258789,66.0199966430664,5.412199974060059
2025-09-09,37.09000015258789,66.38999938964844,5.420300006866455
2025-09-10,37.630001068115234,67.48999786376953,5.433599948883057
2025-09-11,37.90999984741211,66.37000274658203,5.4019999504089355
2025-09-12,38.150001525878906,66.98999786376953,5.388199806213379
2025-09-15,37.970001220703125,67.44000244140625,5.35099983215332
2025-09-16,38.470001220703125,68.47000122070312,5.315199851989746
2025-09-17,38.2400016784668,67.94999694824219,5.29580020904541
2025-09-18,38.88999938964844,67.44000244140625,5.310100078582764
2025-09-19,38.060001373291016,66.68000030517578,5.304299831390381
2025-09-22,38.18000030517578,66.56999969482422,5.320499897003174
2025-09-23,38.58000183105469,67.62999725341797,5.3343000411987305
2025-09-24,38.90999984741211,69.30999755859375,5.281599998474121
2025-09-25,39.150001525878906,69.41999816894531,5.329899787902832
2025-09-26,39.2400016784668,70.12999725341797,5.363699913024902
2025-09-29,38.90999984741211,67.97000122070312,5.3422532081604
2025-09-30,38.130001068115234,67.0199966430664,5.321700096130371
2025-10-01,38.38999938964844,65.3499984741211,5.319499969482422
2025-10-02,38.29999923706055,64.11000061035156,5.328800201416016
2025-10-03,38.2400016784668,64.52999877929688,5.336599826812744
2025-10-06,37.90999984741211,65.47000122070312,5.33459997177124
2025-10-07,37.72999954223633,65.44999694824219,5.311200141906738
2025-10-08,37.63999938964844,66.25,5.353799819946289
2025-10-09,37.279998779296875,65.22000122070312,5.33519983291626
2025-10-10,36.02000045776367,62.72999954223633,5.377200126647949
2025-10-13,36.29999923706055,63.31999969482422,5.5229997634887695
2025-10-14,35.31999969482422,62.38999938964844,5.464099884033203
2025-10-15,34.599998474121094,61.90999984741211,5.481500148773193
2025-10-16,34.20000076293945,61.060001373291016,5.4492998123168945
2025-10-17,36.119998931884766,61.290000915527344,5.440814971923828
2025-10-20,35.40999984741211,61.0099983215332,5.406099796295166
2025-10-21,35.150001525878906,61.31999969482422,5.36870002746582
2025-10-22,36.209999084472656,62.59000015258789,5.38670015335083
2025-10-23,36.86000061035156,65.98999786376953,5.399400234222412
2025-10-24,37.04999923706055,65.94000244140625,5.382900238037109
2025-10-27,37.0,65.62000274658203,5.388299942016602
2025-10-28,36.43000030517578,64.4000015258789,5.373300075531006
2025-10-29,36.0,64.91999816894531,5.357399940490723
2025-10-30,35.77000045776367,65.0,5.357800006866455
2025-10-31,36.029998779296875,65.06999969482422,5.381999969482422
2025-11-03,36.439998626708984,64.88999938964844,5.374599933624268
2025-11-04,36.75,64.44000244140625,5.354899883270264
2025-11-05,37.810001373291016,63.52000045776367,5.395899772644043
2025-11-06,38.459999084472656,63.380001068115234,5.35860013961792
2025-11-07,38.849998474121094,63.630001068115234,5.3495001792907715
2025-11-10,39.22999954223633,64.05999755859375,5.330900192260742
2025-11-11,40.29999923706055,65.16000366210938,5.289700031280518
2025-11-12,40.0099983215332,62.709999084472656,5.270699977874756
2025-11-13,39.83000183105469,63.0099983215332,5.291299819946289
2025-11-14,39.790000915527344,64.38999938964844,5.296500205993652
2025-11-17,39.849998474121094,64.19999694824219,5.295599937438965
2025-11-18,40.040000915527344,64.88999938964844,5.329500198364258
2025-11-19,39.40999984741211,63.5099983215332,5.321499824523926
2025-11-20,39.40999984741211,63.380001068115234,5.32859992980957
2025-11-21,38.79999923706055,62.560001373291016,5.332300186157227
2025-11-24,38.540000915527344,63.369998931884766,5.402100086212158
2025-11-25,37.52000045776367,62.47999954223633,5.3867998123168945
2025-11-26,37.9900016784668,63.130001068115234,5.37939977645874
2025-11-27,37.709999084472656,63.130001068115234,5.3308000564575195
2025-11-28,37.209999084472656,63.20000076293945,5.355400085449219
2025-12-01,37.560001373291016,63.16999816894531,5.335400104522705
2025-12-02,37.58000183105469,62.45000076293945,5.355800151824951
2025-12-03,39.33000183105469,62.66999816894531,5.326300144195557
2025-12-04,39.59000015258789,63.2599983215332,5.306099891662598
2025-12-05,39.2599983215332,63.75,5.309299945831299
2025-12-08,39.349998474121094,62.4900016784668,5.4380998611450195
2025-12-09,39.79999923706055,61.939998626708984,5.429999828338623
2025-12-10,39.599998474121094,62.209999084472656,5.43149995803833
2025-12-11,38.93000030517578,61.279998779296875,5.469799995422363
2025-12-12,39.40999984741211,61.119998931884766,5.4054999351501465
2025-12-15,39.5,60.560001373291016,5.4182000160217285
2025-12-16,38.54999923706055,58.91999816894531,5.413400173187256
2025-12-17,38.56999969482422,59.68000030517578,5.507500171661377
2025-12-18,38.54999923706055,59.81999969482422,5.518499851226807
2025-12-19,38.209999084472656,60.470001220703125,5.521299839019775
2025-12-22,39.40999984741211,62.06999969482422,5.53980016708374
2025-12-23,40.41999816894531,62.380001068115234,5.590000152587891
2025-12-24,40.41999816894531,62.2400016784668,5.518499851226807
2025-12-26,40.599998474121094,60.63999938964844,5.519499778747559
2025-12-29,41.13999938964844,61.939998626708984,5.542500019073486
2025-12-30,41.41999816894531,61.91999816894531,5.5690999031066895
2025-12-31,41.41999816894531,60.849998474121094,5.476200103759766
2026-01-02,41.7599983215332,60.75,5.517000198364258
2026-01-05,41.150001525878906,61.7599983215332,5.421599864959717
2026-01-06,40.81999969482422,60.70000076293945,5.40749979019165
2026-01-07,41.06999969482422,59.959999084472656,5.372000217437744
2026-01-08,41.83000183105469,61.9900016784668,5.383900165557861
2026-01-09,42.68000030517578,63.34000015258789,5.386600017547607
2026-01-12,43.2400016784668,63.869998931884766,5.370299816131592
2026-01-13,42.79999923706055,65.47000122070312,5.373700141906738
2026-01-14,44.06999969482422,66.5199966430664,5.371300220489502
2026-01-15,43.779998779296875,63.7599983215332,5.396100044250488
2026-01-16,44.16999816894531,64.12999725341797,5.3678998947143555
2026-01-19,44.93000030517578,64.12999725341797,5.367700099945068
2026-01-20,45.40999984741211,64.91999816894531,5.36870002746582
2026-01-21,46.880001068115234,65.23999786376953,5.374300003051758
2026-01-22,46.25,64.05999755859375,5.31879997253418
2026-01-23,48.52000045776367,65.87999725341797,5.283699989318848
2026-01-26,48.5,65.58999633789062,5.288899898529053
2026-01-27,49.0099983215332,67.56999969482422,5.279099941253662
2026-01-28,50.5,68.4000015258789,5.183599948883057
2026-01-29,51.5099983215332,70.70999908447266,5.1971001625061035
2026-01-30,50.9900016784668,70.69000244140625,5.189199924468994
2026-02-02,50.880001068115234,66.30000305175781,5.255000114440918
2026-02-03,51.5,67.33000183105469,5.259399890899658
2026-02-04,50.25,69.45999908447266,5.237500190734863
2026-02-05,49.150001525878906,67.55000305175781,5.23799991607666
2026-02-06,50.630001068115234,68.05000305175781,5.270500183105469
2026-02-09,51.04999923706055,69.04000091552734,5.21589994430542
2026-02-10,51.470001220703125,68.80000305175781,5.1915998458862305
2026-02-11,53.599998474121094,69.4000015258789,5.196199893951416
2026-02-12,52.22999954223633,67.5199966430664,5.198699951171875
2026-02-13,52.560001373291016,67.75,5.213900089263916
2026-02-16,52.560001373291016,67.75,5.217899799346924
2026-02-17,52.560001373291016,67.41999816894531,5.243899822235107
2026-02-18,53.779998779296875,70.3499984741211,5.2204999923706055
2026-02-19,54.93000030517578,71.66000366210938,5.234399795532227
2026-02-20,55.02000045776367,71.76000213623047,5.208799839019775
2026-02-23,53.45000076293945,71.48999786376953,5.176499843597412
2026-02-24,54.68000030517578,70.7699966430664,5.170899868011475
2026-02-25,53.630001068115234,70.8499984741211,5.1519999504089355
2026-02-26,52.34000015258789,70.75,5.124199867248535
2026-02-27,54.4900016784668,72.4800033569336,5.136600017547607
2026-03-02,57.279998779296875,77.73999786376953,5.1296000480651855
2026-03-03,55.119998931884766,81.4000015258789,5.170300006866455
2026-03-04,55.52000045776367,81.4000015258789,5.277299880981445
2026-03-05,56.959999084472656,85.41000366210938,5.230100154876709
2026-03-06,59.38999938964844,92.69000244140625,5.263400077819824
2026-03-09,59.70000076293945,98.95999908447266,5.243500232696533
2026-03-10,58.900001525878906,87.80000305175781,5.2052998542785645
2026-03-11,59.349998474121094,91.9800033569336,5.162399768829346
2026-03-12,59.5,100.45999908447266,5.151400089263916
2026-03-13,57.79999923706055,103.13999938964844,5.243899822235107
2026-03-16,59.79999923706055,100.20999908447266,5.329100131988525
2026-03-17,62.689998626708984,103.41999816894531,5.233399868011475
2026-03-18,66.02999877929688,107.37999725341797,5.19290018081665
2026-03-19,65.81999969482422,108.6500015258789,5.2621002197265625
2026-03-20,67.88999938964844,112.19000244140625,5.219900131225586
2026-03-23,65.95999908447266,99.94000244140625,5.3119001388549805
2026-03-24,67.62999725341797,104.48999786376953,5.232900142669678
2026-03-25,67.27999877929688,102.22000122070312,5.232600212097168
2026-03-26,68.76000213623047,108.01000213623047,5.236800193786621
2026-03-27,70.81999969482422,112.56999969482422,5.235099792480469
2026-03-30,72.0999984741211,112.77999877929688,5.23799991607666
2026-03-31,66.20999908447266,118.3499984741211,5.263999938964844
2026-04-01,64.12999725341797,101.16000366210938,5.192800045013428
2026-04-02,67.7699966430664,109.02999877929688,5.1545000076293945
2026-04-03,67.7699966430664,109.02999877929688,5.156400203704834
2026-04-06,67.30000305175781,109.7699966430664,5.157899856567383
2026-04-07,67.81999969482422,109.2699966430664,5.138299942016602
2026-04-08,64.0999984741211,94.75,5.150599956512451
2026-04-09,65.44999694824219,95.91999816894531,5.100200176239014
2026-04-10,67.6500015258789,95.19999694824219,5.095799922943115
2026-04-13,66.80000305175781,99.36000061035156,5.005000114440918
2026-04-14,65.08000183105469,94.79000091552734,4.9944000244140625
2026-04-15,63.189998626708984,94.93000030517578,4.984799861907959
2026-04-16,64.25,99.38999938964844,4.992400169372559
2026-04-17,61.65999984741211,90.37999725341797,4.987090110778809
2026-04-20,61.630001068115234,95.4800033569336,5.00629997253418
2026-04-21,61.630001068115234,98.4800033569336,4.952400207519531
2026-04-22,62.70000076293945,101.91000366210938,5.007999897003174
2026-04-23,62.720001220703125,105.06999969482422,4.984899997711182
2026-04-24,62.630001068115234,105.33000183105469,5.030799865722656
2026-04-27,64.3499984741211,108.2300033569336,4.979100227355957
2026-04-28,64.4000015258789,111.26000213623047,4.999599933624268
2026-04-29,66.37999725341797,118.02999877929688,4.99429988861084
2026-04-30,66.41000366210938,114.01000213623047,5.017499923706055
2026-05-01,66.41000366210938,108.16999816894531,4.9695000648498535
2026-05-04,70.16000366210938,114.44000244140625,4.951929092407227
2026-05-05,69.5,109.87000274658203,4.984799861907959
2026-05-06,66.54000091552734,101.2699966430664,4.927299976348877
2026-05-07,64.4000015258789,100.05999755859375,4.932271957397461
2026-05-08,63.27000045776367,101.29000091552734,4.944900035858154
2026-05-11,63.630001068115234,104.20999908447266,4.913300037384033
2026-05-12,64.62999725341797,107.7699966430664,4.906400203704834
2026-05-13,65.44999694824219,105.62999725341797,4.9096999168396
2026-05-14,67.29000091552734,105.72000122070312,5.024899959564209
2026-05-15,68.80000305175781,109.26000213623047,5.0040998458862305
2026-05-18,68.81999969482422,112.0999984741211,5.060400009155273
2026-05-19,69.31999969482422,111.27999877929688,5.005624771118164
2026-05-20,68.62999725341797,105.0199966430664,5.058199882507324
2026-05-21,68.0,102.58000183105469,5.01170015335083
2026-05-22,68.4000015258789,103.54000091552734,5.017099857330322
2026-05-25,64.30999755859375,103.54000091552734,5.025700092315674
2026-05-26,64.75,99.58000183105469,5.01039981842041
2026-05-27,62.97999954223633,94.29000091552734,5.04449987411499
2026-05-28,62.970001220703125,93.70999908447266,5.07289981842041
2026-05-29,62.25,92.05000305175781,5.051700115203857
2026-06-01,62.81999969482422,94.9800033569336,5.0391998291015625
2026-06-02,61.97999954223633,96.0,5.038599967956543
2026-06-03,62.59000015258789,97.80999755859375,5.020699977874756
2026-06-04,62.59000015258789,95.02999877929688,5.077400207519531
2026-06-05,61.119998931884766,93.08999633789062,5.060699939727783
2026-06-08,62.540000915527344,94.25,5.177000045776367
2026-06-09,61.79999923706055,91.44999694824219,5.203100204467773
2026-06-10,62.880001068115234,93.0999984741211,5.190100193023682
2026-06-11,62.04999923706055,90.37999725341797,5.1921000480651855
2026-06-12,61.34000015258789,87.33000183105469,5.113800048828125
2026-06-15,57.099998474121094,83.16999816894531,5.0609002113342285
2026-06-16,56.849998474121094,78.95999908447266,5.075099945068359
2026-06-17,56.7400016784668,79.55000305175781,5.101900100708008
2026-06-18,56.970001220703125,79.8499984741211,5.122099876403809
2026-06-19,57.20000076293945,79.8499984741211,5.18149995803833
2026-06-22,56.68000030517578,77.9000015258789,5.151400089263916
2026-06-23,56.099998474121094,77.08000183105469,5.156499862670898
2026-06-24,54.099998474121094,73.73999786376953,5.197700023651123
2026-06-25,53.939998626708984,75.26000213623047,5.207499980926514
2026-06-26,53.290000915527344,71.98999786376953,5.1940999031066895
2026-06-29,53.150001525878906,73.1500015258789,5.1707000732421875
2026-06-30,52.150001525878906,72.91999816894531,5.181787014007568
2026-07-01,52.400001525878906,71.56999969482422,5.174699783325195
2026-07-02,52.56999969482422,71.80000305175781,5.220600128173828
2026-07-03,52.959999084472656,71.80000305175781,5.2221999168396
2026-07-06,53.56999969482422,71.98999786376953,5.1844000816345215
2026-07-07,56.22999954223633,74.16000366210938,5.143599987030029
2026-07-08,56.41999816894531,78.0199966430664,5.170899868011475
